Track Name,Artist(s),Album,Release Date,Track URI,Round Name
California Kids,Weezer,Weezer (White Album),2016-04-01,spotify:track:0UbS4oWIo2nUXeTxsvFaN1,Summer Songs
The Rubberband Man,The Spinners,The Rubberband Man / Now That We're Together,1976,spotify:track:13Mzsb8VzRSZ5w3pM48cn6,Summer Songs
Out Here All Night,Damone,Out Here All Night,2006-01-01,spotify:track:18cf7hEn3BeBBgi0174WZq,Summer Songs
Bummerland,AJR,OK ORCHESTRA,2021-03-26,spotify:track:1N2gWqKHFtPSZ0zgoCr8WK,Summer Songs
Chillin' On The Beach With My Best Friend Jesus Christ,Susto,Chillin' On The Beach With My Best Friend Jesus Christ,2016-06-24,spotify:track:1T24yhUxN8xnqowrAZ0JqE,Summer Songs
Hot Fun in the Summertime,Sly & The Family Stone,Greatest Hits,1970-11-21,spotify:track:4t6NQkpUmvpvLDCkl3XuwA,Summer Songs
oh baby,LCD Soundsystem,american dream,2017-09-01,spotify:track:53PkA8aXiwH4ppa0V0iO7o,Summer Songs
Dynamite,BTS,BE,2020-11-20,spotify:track:5QDLhrAOJJdNAmCTJ8xMyW,Summer Songs
The Hermit,Twin Suns,The Suns Up,2021-08-23,spotify:track:5XocfciljGsKtRT2JDgWdZ,Summer Songs
Getaway,"Earth, Wind & Fire",Spirit,1976-09,spotify:track:67J6NR2Tdl0h2epWHcCBBN,Summer Songs
Summer,Calvin Harris,Motion,2014-10-31,spotify:track:6YUTL4dYpB9xZO5qExPf05,Summer Songs
Pablo,Saib,Buena Vista,2017-03-10,spotify:track:00AiyOJFuhxqwsUDS5Cxsy,My Toddler Snorted Cocaine
Raining Tacos,Parry Gripp,Parry Gripp Mega-Party (2008 - 2012),2013-02-26,spotify:track:01apQz7E72krU1k1b4VWs7,My Toddler Snorted Cocaine
Toy Blues,Taisei Iwasaki,TVアニメ「血界戦線」オリジナル・サウンドトラック,2015-07-15,spotify:track:0E0AId0ucTBt52PmKfyar9,My Toddler Snorted Cocaine
Krusty Krab - Trap Remix,Trap Remix Guys,Krusty Krab (Trap Remix),2018-10-01,spotify:track:0gFWBzm1hqmq5fmAGcYd8r,My Toddler Snorted Cocaine
Wax Simulacra,The Mars Volta,The Bedlam in Goliath,2008-01-01,spotify:track:0h15E41qCgeFxEO10Tzyfa,My Toddler Snorted Cocaine
Raconte-Moi Une Histoire,M83,"Hurry Up, We're Dreaming",2011,spotify:track:0SeMmdPt7Ksu1fIAgnPIOG,My Toddler Snorted Cocaine
Stadium Rave,Spongebob Squarepants,SpongeBob's Greatest Hits,2009-07-14,spotify:track:1Ef6RP9JhfkACpYhpLCmFZ,My Toddler Snorted Cocaine
My Own Drum,Ducky,It's Gonna Be Great,2021-12-01,spotify:track:1FtjOSq5IgaLrwh3ylBylN,My Toddler Snorted Cocaine
The Prawn Song,Superorganism,Superorganism,2018-03-02,spotify:track:26xgsmehYgIfX0vnKVN8GD,My Toddler Snorted Cocaine
Knee 1,Philip Glass Ensemble,Glass: Einstein on the Beach,1993-09-28,spotify:track:29rZwcOH5g59wkMKe1N0zv,My Toddler Snorted Cocaine
Lovely City,Calum Bowen,Lovely Planet (Original Game Soundtrack),2014-07-31,spotify:track:2JpSBwBn7pazsn6IgjPYhv,My Toddler Snorted Cocaine
Muffin Man,"Frank Zappa, Captain Beefheart, The Mothers",Bongo Fury (Live),1975-10-02,spotify:track:2KfjGQ3MjL1PlRsf2xUH5s,My Toddler Snorted Cocaine
Cocaine Lion,Ball Park Music,Puddinghead,2014-04-04,spotify:track:3kBN2OQLL4vrQgkMwRdl7q,My Toddler Snorted Cocaine
Cookin By The Book,"Chris Allen Hess, Rian Cunningham, K Enagonio",Cookin By The Book,2019-01-10,spotify:track:4ck3rXiunMCSpFclG6gMq6,My Toddler Snorted Cocaine
Ring Ring (with Rvssian feat. Clever),"Juice WRLD, Rvssian, Clever",Death Race For Love (Bonus Track Version),2019-03-08,spotify:track:4UBKe75v9DYcehHirq4ot4,My Toddler Snorted Cocaine
Drugs,Falling In Reverse,Drugs,2019-04-08,spotify:track:5BkCDt5w0WOGgBgDC7T39i,My Toddler Snorted Cocaine
Meditjin,"Baker Boy, JessB",Gela,2021-10-15,spotify:track:5mHA6UCBRsgjWPRDmZQ8uO,My Toddler Snorted Cocaine
Half Of It,"Abraxis, Seven Lions, Dimibo",Half Of It,2020-06-12,spotify:track:5qjj4GCSAEbnuqPGrWsNpT,My Toddler Snorted Cocaine
Baby Shark,Pinkfong,Pinkfong Animal Songs,2017-07-27,spotify:track:5ygDXis42ncn6kYG14lEVG,My Toddler Snorted Cocaine
Cocaine Country Dancing - Electrophunck Remix,"Paul Cauthen, Electrophunck",Cocaine Country Dancing (Electrophunck Remix),2020-05-15,spotify:track:63tffuSUDBjv3sdTDSTm1w,My Toddler Snorted Cocaine
Tally-Ho,Psychedelic Porn Crumpets,SHYGA! The Sunlight Mound,2021-02-05,spotify:track:63Z34FsBrJyA9oDIrYyDNH,My Toddler Snorted Cocaine
Turn Down for What,"DJ Snake, Lil Jon",Turn Down for What,2013-12-18,spotify:track:67awxiNHNyjMXhVgsHuIrs,My Toddler Snorted Cocaine
We Are Family,The Chipmunks & The Chipettes,Alvin and the Chipmunks: The Squeakquel (Original Motion Picture Soundtrack),2009-12-01,spotify:track:67tpYaBDOoGmkW3s9w8b98,My Toddler Snorted Cocaine
The Flute Tune - Soulpride Remix,"Jaycut, Kolt Siewerts, Soulpride",The Flute Tune (Soulpride Remix),2019-02-01,spotify:track:6FO7xjaaOBT9RDa0GDlyxr,My Toddler Snorted Cocaine
Kickstart My Heart,Mötley Crüe,Dr. Feelgood (Deluxe Version),1989-09-01,spotify:track:6imjJij6aCM0IbbODUzJQn,My Toddler Snorted Cocaine
Crimson Wave,Tacocat,NVM,2014-02-25,spotify:track:6ixncUHZXJpLWbej9oOms2,My Toddler Snorted Cocaine
High You Are,"What So Not, Branchez",High You Are (Remixes),2013-10-08,spotify:track:6zpCJDhdpHPZCcFCJZDqX5,My Toddler Snorted Cocaine
Pete the Cat and His White Shoes (Story Song),Mr. Eric,The Big Silly with Mr.Eric,2006-01-01,spotify:track:7IzUX2HLnUIqE3OKRSp1nz,My Toddler Snorted Cocaine
Run Away With Me,Carly Rae Jepsen,Emotion (Deluxe Expanded Edition),2015,spotify:track:0FS7B5o3QyvOD8eWjnbLoO,Driving in the Dark
Midnight Driving,Teenage Dads,Midnight Driving,2023-03-03,spotify:track:0O5BTCiNRC47cLA4i7VusN,Driving in the Dark
In the Backseat,Arcade Fire,Funeral,2004-06-16,spotify:track:0O8Ymlu03OqEX5XU5p8Rw3,Driving in the Dark
The Night We Met,Lord Huron,Strange Trails,2015-04-07,spotify:track:0QZ5yyl6B6utIWkxeBDxQN,Driving in the Dark
Redbone,Childish Gambino,"""Awaken, My Love!""",2016-12-02,spotify:track:0WtDGnWL2KrMCk0mI1Gpwz,Driving in the Dark
Echoes,God Is An Astronaut,God Is an Astronaut (2011 Remastered Edition),2011-12-16,spotify:track:1ByMzOtB8qLyZM2xDfhEMK,Driving in the Dark
Midnight City,M83,"Hurry Up, We're Dreaming",2011,spotify:track:1eyzqe2QqGZUmfcPZtrIyt,Driving in the Dark
Weight in Gold,Gallant,Ology,2016-05-04,spotify:track:1gXBi2I04CLJkTQnhNfEJT,Driving in the Dark
Goin' Against Your Mind,Built To Spill,You in Reverse,2006-04-10,spotify:track:1rxz8AseGxCsYQDHyg4scv,Driving in the Dark
What Once Was,Her's,Songs of Her's,2017-05-12,spotify:track:1XrSjpNe49IiygZfzb74pk,Driving in the Dark
Night Shift,Lucy Dacus,Historian,2018-03-02,spotify:track:1yYlpGuBiRRf33e1gY61bN,Driving in the Dark
Tiny Foldable Cities,Orbital,Monsters Exist (Deluxe),2018-09-14,spotify:track:1zBsc3zoU1jvy1dfQzFIOC,Driving in the Dark
bad guy,Billie Eilish,"WHEN WE ALL FALL ASLEEP, WHERE DO WE GO?",2019-03-29,spotify:track:2Fxmhks0bxGSBdJ92vM42m,Driving in the Dark
How I Get Myself Killed,Indigo De Souza,I Love My Mom,2018-06-08,spotify:track:2Kj95VOpBEJzBFNzwirZwU,Driving in the Dark
Thriller,Michael Jackson,Thriller,1982-11-30,spotify:track:2LlQb7Uoj1kKyGhlkBf9aC,Driving in the Dark
Do It Again,Steely Dan,Can't Buy A Thrill,1972-11-01,spotify:track:2LXISHBkx8FyoxCBkckh19,Driving in the Dark
Slide,"H.E.R., YG",Slide,2019-09-27,spotify:track:2rTnVB1bvwxHtaIl4uVu7f,Driving in the Dark
Low Place Like Home,Sneaker Pimps,Becoming X,1996-08-18,spotify:track:2vzBdrNR58hYA2exmt4bG6,Driving in the Dark
I Will Follow You into the Dark,Death Cab for Cutie,Plans,2005-08-29,spotify:track:3kZC0ZmFWrEHdUCmUqlvgZ,Driving in the Dark
Drive,The Cars,Heartbeat City,1984-03-13,spotify:track:3wfujdbamR3Z46F4xav7LM,Driving in the Dark
Nice Weather for Ducks,Lemon Jelly,Lost Horizons,2003-07-21,spotify:track:3z24ayp6vSCkN6btftwyet,Driving in the Dark
Find Our Way - Night Drive Edit,"Midnight Kids, klei",Find Our Way (Remixes),2019-01-25,spotify:track:49rrPHxp0944ZLgAi7XfY8,Driving in the Dark
Stars In My Eyes,Ball Park Music,Weirder & Weirder,2022-05-27,spotify:track:4HijdD89b0q3Z0zWKL7FVo,Driving in the Dark
Stobart's Blues,I Monster,Neveroddoreven,2005-01-27,spotify:track:4N01iMNxCg1BSFyoyqj2tz,Driving in the Dark
Los Angeles,"Robotaki, Maiah Manser",The Grand Mirage,2020-03-27,spotify:track:5DfHG17Xoqn08NP8SINsiP,Driving in the Dark
Life is a Highway,Rascal Flatts,Cars (Original Motion Picture Soundtrack),2006-01-01,spotify:track:5gB2IrxOCX2j9bMnHKP38i,Driving in the Dark
Fumes,"EDEN, gnash",i think you think too much of me,2016-08-19,spotify:track:7fJALFBexDXzu0QdatF5O4,Driving in the Dark
Starboy,"The Weeknd, Daft Punk",Starboy,2016-11-25,spotify:track:7MXVkk9YMctZqd1Srtv4MB,Driving in the Dark
Right Back Where We Started From,Maxine Nightingale,Right Back Where We Started From,2019-06-14,spotify:track:00s8dO3RWrFkBqC9JIy6ag,Road Trip!
What's Up?,4 Non Blondes,"Bigger, Better, Faster, More !",1992-01-01,spotify:track:0jWgAnTrNZmOGmqgvHhZEm,Road Trip!
Untouched,The Veronicas,Hook Me Up,2007-10-30,spotify:track:0KlahhzNb98zyN83Vwae0l,Road Trip!
Dreams - 2004 Remaster,Fleetwood Mac,Rumours (Super Deluxe),1977-02-04,spotify:track:0ofHAoxe9vBkTCp2UQIavz,Road Trip!
The Passenger,Iggy Pop,Lust For Life,1977-08-29,spotify:track:15BQ7vEDv2LJuh8TxWIhtd,Road Trip!
"Take Me Home, Country Roads",John Denver,"The John Denver Collection, Vol 1: Take Me Home Country Roads",1997-06-17,spotify:track:1QbOvACeYanja5pbnJbAmk,Road Trip!
You! Me! Dancing!,Los Campesinos!,"Hold On Now, Youngster",2008-04-01,spotify:track:1t0RvoSeybgrk55g9lwC4Z,Road Trip!
Earth Rocker,Clutch,Earth Rocker,2013-03-19,spotify:track:26vGXL80873wfoGhBGpFSn,Road Trip!
Daydream,The Aces,Under My Influence,2020-07-17,spotify:track:26ZCR1Zd74fvBJvH1o1rbx,Road Trip!
Little Talks,Of Monsters and Men,My Head Is An Animal,2012-01-01,spotify:track:2ihCaVdNZmnHZWt0fvAM7B,Road Trip!
Twilight Driving,Methyl Ethel,Oh Inhuman Spectacle,2015-06-05,spotify:track:2m1rzgZJtee2j5WjfwgSNc,Road Trip!
Ride,Twenty One Pilots,Blurryface,2015-05-15,spotify:track:2Z8WuEywRWYTKe1NybPQEW,Road Trip!
Carolina Rolling By,Mipso,Carolina Rolling By,2023-06-09,spotify:track:3KPbfMIQy43Wc9XbhmaIFy,Road Trip!
One Of Us Is The Killer,The Dillinger Escape Plan,One Of Us Is The Killer,2013-05-14,spotify:track:3kRf43EgjlDAGt2TQ7M459,Road Trip!
Walk of Life,Dire Straits,Brothers in Arms,1985-05-13,spotify:track:423o3ZHIaBtGXyhF1uH41a,Road Trip!
Semi-Charmed Life,Third Eye Blind,Third Eye Blind,1997-04-08,spotify:track:42et6fnHCw1HIPSrdPprMl,Road Trip!
Radar Love,Golden Earring,The Long Versions - Part One,2008-10-22,spotify:track:4Zau4QvgyxWiWQ5KQrwL43,Road Trip!
Watercolour - Full Version; Single,Pendulum,Immersion,2010-05-21,spotify:track:5ami95W9OOWQPwrBb5tud5,Road Trip!
Life is a Highway,Rascal Flatts,Cars (Original Motion Picture Soundtrack),2006-01-01,spotify:track:5gB2IrxOCX2j9bMnHKP38i,Road Trip!
Road to Nowhere,Talking Heads,Little Creatures,1985-07-10,spotify:track:5gS8whHdcpbkdz0qonQZF8,Road Trip!
Feels Great (feat. Fetty Wap & CVBZ),"Cheat Codes, Fetty Wap, CVBZ",Feels Great (feat. Fetty Wap & CVBZ),2017-10-12,spotify:track:5uu28fUesZMl89lf9CLrgN,Road Trip!
Go!,Public Service Broadcasting,The Race For Space,2014,spotify:track:5xYZXIgVAND5sWjN8G0hID,Road Trip!
Life in the Fast Lane - 2013 Remaster,Eagles,Hotel California (2013 Remaster),1976-12-08,spotify:track:6gXrEUzibufX9xYPk3HD5p,Road Trip!
Bohemian Rhapsody,Queen,Stone Cold Classics,2006-01-01,spotify:track:6l8GvAyoUZwWDgF1e4822w,Road Trip!
Low Rider,War,Why Can't We Be Friends?,1975-01-01,spotify:track:7Bz8yww6UMbTgTVLG6zbI4,Road Trip!
Sweet Home Alabama,Lynyrd Skynyrd,Second Helping (Expanded Edition),1974-04-15,spotify:track:7e89621JPkKaeDSTQ3avtg,Road Trip!
Rosetta Stoned,TOOL,"10,000 Days",2006-04-28,spotify:track:0D8l86LXxKcgKAO17DfQsl,Alien Party
Emergency,"Sofi Tukker, Novak, YAX.X",Emergency,2020-09-18,spotify:track:0iQd47VJs14l8EA00PlI71,Alien Party
Life On Mars?,Seu Jorge,The Life Aquatic Exclusive Studio Sessions Featuring Seu Jorge,2005-01-01,spotify:track:0KpA8R3NM3N0JB4NAGbAxO,Alien Party
Show Me Your Heart,need new body,Ufo,2003-09-16,spotify:track:0MNuxtW4gp8czlE9DgBBuL,Alien Party
Shooting Stars,Bag Raiders,Bag Raiders (Deluxe),2011-01-01,spotify:track:0UeYCHOETPfai02uskjJ3x,Alien Party
Blinding Lights,The Weeknd,After Hours,2020-03-20,spotify:track:0VjIjW4GlUZAMYd2vXMi3b,Alien Party
BonBon,omniboi,Nice Dream,2016-12-12,spotify:track:1ITVxQtSn9506dCTx5TLEE,Alien Party
Incredibad,The Lonely Island,Incredibad,2009,spotify:track:1Q5oxa2BjBTmJ7mI3E6umg,Alien Party
Robot Rock,Daft Punk,"Musique, Vol. 1",2006-03-29,spotify:track:247OK7W7ke06iripfvHDiw,Alien Party
Take Me To Your Leader,Art vs Science,Art vs Science,2009-05-01,spotify:track:29AqRD7vZiHdjwhEHTks6j,Alien Party
Contact,Daft Punk,Random Access Memories,2013-05-20,spotify:track:2KHRENHQzTIQ001nlP9Gdc,Alien Party
E.T.,"Katy Perry, Kanye West",Teenage Dream: The Complete Confection,2012-03-12,spotify:track:36ux3YuUsGTWPT8fXclS45,Alien Party
IT HURTS!,San Holo,bb u ok?,2021-06-04,spotify:track:3H8h60jhdQNu5s9HHTLdFr,Alien Party
Aliens Exist,blink-182,Enema Of The State,1999-06-01,spotify:track:3nqm3DdVskqbHhmb8S8hMd,Alien Party
March of the Poozers,Devin Townsend Project,Z²,2014-10-28,spotify:track:3R4C2Jh2dtDs2DKZX3KpoQ,Alien Party
Oh Yeah,Yello,Essential,1992-01-01,spotify:track:44IX8SM0fEWApOGlhUGAFc,Alien Party
I Will Always Love You,Whitney Houston,The Bodyguard - Original Soundtrack Album,1992-11-17,spotify:track:4eHbdreAnSOrDDsFfc4Fpm,Alien Party
Spaceboss,"Liquid Stranger, Space Jesus",Weird & Wonderful,2017-02-03,spotify:track:4HiuT2pdJzwdSKf72aSdhs,Alien Party
Cosmic Thing,The B-52's,Cosmic Thing,1989-06-23,spotify:track:4PGwVdXrLXkIAOBmgDdzwy,Alien Party
Aliens Are Ghosts,"$uicideboy$, Travis Barker",Aliens Are Ghosts,2018-05-24,spotify:track:4XBDGFxecM5Y3KZFF0iufe,Alien Party
Spaceship (feat. Uffie) - MOTi Remix,"Galantis, Uffie, MOTi",Spaceship (feat. Uffie) [Remixes],2018-06-19,spotify:track:592JiALLj5xL5Z6LuMmaOV,Alien Party
I Got You (I Feel Good),James Brown & The Famous Flames,I Got You (I Feel Good),1966-01-01,spotify:track:5haXbSJqjjM0TCJ5XkfEaC,Alien Party
7 элемент,Vitas,Философия чуда,2001,spotify:track:5iFhkFf9JLA3XiROdYsg1i,Alien Party
Dame Tu Cosita,"El Chombo, Cutty Ranks",Dame Tu Cosita,2018-05-09,spotify:track:5tq6gO0LuNjmo9SRT1UcMv,Alien Party
"Harder, Better, Faster, Stronger",Daft Punk,Discovery,2001-03-12,spotify:track:5W3cjX2J3tjhG8zb6u0qHn,Alien Party
Space Jam,Quad City DJ's,Space Jam (Music From And Inspired By The Motion Picture),1996-11-12,spotify:track:683hRieVmYdAhVA1DkjSAk,Alien Party
Positive Contact,"Deltron 3030, Del The Funky Homosapien, Dan The Automator, Kid Koala",Deltron 3030,2000,spotify:track:6mKai3TB6wtorWTX47wHUt,Alien Party
Godlike,Alien Ant Farm,Always and forever,2015-02-20,spotify:track:7G2I6AN0sPBck3A5q16zIz,Alien Party
"This Is Not a Song, It's a Sandwich",Psychostick,Sandwich,2009-05-05,spotify:track:0EdL74JcmrL0FNIIyh1UFV,Mood music for your poop
Pee Pee Poo Poo,Baby Kata,Pee Pee Poo Poo,2015-07-12,spotify:track:1TdAyEAliofpnDMAz6709k,Mood music for your poop
Don't Shit Where You Eat,Ween,Chocolate and Cheese,1994,spotify:track:20V2jWpNgMpAjDt0ASpizu,Mood music for your poop
Apeshit (feat. Waka Flocka Flame),"Prof, Waka Flocka Flame",Liability,2015-10-16,spotify:track:2AfNbKmWqrrdlpnk98mT88,Mood music for your poop
Eye of the Tiger,Survivor,Rocky IV,1985,spotify:track:2KH16WveTQWT6KOG9Rg6e2,Mood music for your poop
Sandstorm - Radio Edit,Darude,Sandstorm,1999-01-01,spotify:track:2kWB9IV8EHDOU9EjgxWFrF,Mood music for your poop
Drop It Like It's Hot,"Snoop Dogg, Pharrell Williams",R&G (Rhythm & Gangsta): The Masterpiece,2004-01-01,spotify:track:2NBQmPrOEEjA8VbeWOQGxO,Mood music for your poop
Push It - Single Version,Salt-N-Pepa,20 #1's: Party Hits,2016-12-30,spotify:track:3PjEhZ41Xp9n6DJPKurAUr,Mood music for your poop
Lift Yourself,Kanye West,Lift Yourself,2018-04-29,spotify:track:3uYDO9dPLTVrgfwg7EYXSf,Mood music for your poop
Perfect Saturday,The Lonely Island,The Wack Album,2013-01-01,spotify:track:43OzYQA5RxPSnrKiYPUH8D,Mood music for your poop
Separate Ways (Worlds Apart),Journey,Frontiers,1983-02-22,spotify:track:4ECNtOnqzxutZkXP4TE3n3,Mood music for your poop
Sweden,C418,Minecraft - Volume Alpha,2011-03-04,spotify:track:4NsPgRYUdHu2Q5JRNgXYU5,Mood music for your poop
Sunshine (Adagio in D Minor),John Murphy,Sunshine (Adagio in D Minor),2013-10-14,spotify:track:50ExtKr8j9cHTY3OEw282G,Mood music for your poop
No Time for Caution,Hans Zimmer,Interstellar (Original Motion Picture Soundtrack) [Expanded Edition],2014-11-18,spotify:track:5aaXqH8rgKZxg61HjECldi,Mood music for your poop
Down,Marian Hill,ACT ONE,2016-06-24,spotify:track:5eCkuGPZNl4mISFNPgr3Dd,Mood music for your poop
If You Must,Del The Funky Homosapien,Both Sides Of The Brain,2000-01-01,spotify:track:5eV0XIpuWFS8H7OYDDxA4E,Mood music for your poop
Baby I'm Yours,"Breakbot, Irfane",Baby I'm Yours,2010-02-15,spotify:track:5jr6pG3khBcBXZRm8NogSe,Mood music for your poop
Ring of Fire,Johnny Cash,The Essential Johnny Cash,2002-02-12,spotify:track:5rDkA2TFOImbiVenmnE9r4,Mood music for your poop
True Thrush,Dan Deacon,America,2012-08-28,spotify:track:5up9Uq06pWGuJE1jojWJ6E,Mood music for your poop
Oh Shit!!!,Injury Reserve,Floss,2016-12-15,spotify:track:6A3hUBzQ0k6chtNJlGxDQn,Mood music for your poop
I Touch Myself - triple j Like A Version,Lime Cordiale,I Touch Myself (triple j Like A Version),2019-10-18,spotify:track:6JxBzJfkuERbpc78hKJGNc,Mood music for your poop
Release the Kraken,Ninja Sex Party,Cool Patrol,2018-08-17,spotify:track:6Ns9f4wM4LefIk4ZgaJw4E,Mood music for your poop
Weak,SWV,It's About Time,1992-10-27,spotify:track:71EHOyEOhNx1SzTebRRyng,Mood music for your poop
We Are Never Ever Getting Back Together,Taylor Swift,Red,2012-10-22,spotify:track:7AEAGTc8cReDqcbPoY9gwo,Mood music for your poop
Bodies,Drowning Pool,Sinner,2001-01-01,spotify:track:7CpbhqKUedOIrcvc94p60Y,Mood music for your poop
Absolute Psalm,Igorrr,Hallelujah,2012-12-21,spotify:track:7eF0tJrwBB8cXXD9YAkr1O,Mood music for your poop
Ride of the Valkyries,"Richard Wagner, 天之籁音乐",Earning Peace,2021-11-15,spotify:track:7pGAXSujtkxfR8Iu3RfZ4l,Mood music for your poop
Pusherman,Curtis Mayfield,Superfly: Deluxe 25th Anniversary Edition,1972-07-01,spotify:track:7zrPswSV1yxrill5OyCuaU,Mood music for your poop
Don't Stop The Music,Rihanna,Good Girl Gone Bad: Reloaded,2008-06-02,spotify:track:0ByMNEPAPpOR5H69DVrTNy,Dancefloor
One More Time,Daft Punk,Discovery,2001-03-12,spotify:track:0DiWol3AO6WpXZgp0goxAV,Dancefloor
Party Rock Anthem,"LMFAO, Lauren Bennett, GoonRock",Sorry For Party Rocking,2011-01-01,spotify:track:0IkKz2J93C94Ei4BvDop7P,Dancefloor
Cotton Eye Joe,Rednex,Sex & Violins,1995-04-03,spotify:track:0Jg602cHeMCnPez9baacIe,Dancefloor
Let's Go Crazy,Prince,Purple Rain,1984-06-25,spotify:track:0QeI79sp1vS8L3JgpEO7mD,Dancefloor
2 Be Loved (Am I Ready),Lizzo,Special,2022-07-14,spotify:track:13Irp51zj01BZu2XtDrnAg,Dancefloor
Gasolina,Daddy Yankee,Barrio Fino (Bonus Track Version),2004-07-13,spotify:track:228BxWXUYQPJrJYHDLOHkj,Dancefloor
Dancing Queen,ABBA,ABBA Gold,2008-01-01,spotify:track:2ATDkfqprlNNe9mYWodgdc,Dancefloor
September,"Earth, Wind & Fire","The Best Of Earth, Wind & Fire Vol. 1",1978-11-23,spotify:track:2grjqo0Frpf2okIBiifQKs,Dancefloor
I Gotta Feeling,Black Eyed Peas,THE E.N.D. (THE ENERGY NEVER DIES),2009-01-01,spotify:track:2H1047e0oMSj10dgp7p2VG,Dancefloor
If U Seek Amy,Britney Spears,Circus (Deluxe Version),2008-12-02,spotify:track:2hdy9Wt9qp7M7d0U3ossu2,Dancefloor
Take on Me,a-ha,Hunting High and Low,1985-06-01,spotify:track:2WfaOiMkCvy7F5fcp2zZ8L,Dancefloor
Dance Commander,Electric Six,Fire,2003-05-19,spotify:track:3A3n0ShUNIrNWwdzkONVAl,Dancefloor
Peanut Butter Jelly,Galantis,Pharmacy,2015-06-05,spotify:track:3aIhJDHxr1kgTSnutJxPTH,Dancefloor
Watch Out For This (Bumaye),"Major Lazer, Busy Signal, The Flexican, FS Green",Free The Universe (Extended Version),2013-04-16,spotify:track:3j9o0zUoyGNXkijNSyRyBI,Dancefloor
BOOGIE,BROCKHAMPTON,SATURATION III,2017-12-15,spotify:track:3NuN59jpH3B5cNa2M4r7XG,Dancefloor
Dancing On My Own,Robyn,Body Talk Pt. 1,2010-06-11,spotify:track:3Rc2ajBMInxeNGVkMPC92Y,Dancefloor
Finesse - Remix; feat. Cardi B,"Bruno Mars, Cardi B",Finesse (Remix) [feat. Cardi B],2017-12-20,spotify:track:3Vo4wInECJQuz9BIBMOu8i,Dancefloor
The Salmon Dance,The Chemical Brothers,We Are The Night,2007-06-27,spotify:track:3vRYtf5xgPrYeVzAmqvzTd,Dancefloor
Canned Heat,Jamiroquai,Synkronized,1999-06-08,spotify:track:47oS7xB31QQUyPCgHpM3VZ,Dancefloor
You Should Be Dancing,Bee Gees,The Ultimate Bee Gees,2009-11-03,spotify:track:4T5Y25pWs2pVZVcFIqFuf8,Dancefloor
Fireball (feat. John Ryan),"Pitbull, John Ryan",Globalization,2014-11-21,spotify:track:4Y7XAxTANhu3lmnLAzhWJW,Dancefloor
Hypa Hypa,Electric Callboy,Hypa Hypa,2020-06-19,spotify:track:5tXgNRHlUyfrc7P5GgpwnI,Dancefloor
Naked,Bickle,Naked,2020-03-10,spotify:track:5Vth7eImumlAyhsW8PqqAM,Dancefloor
Everytime We Touch,Cascada,Everytime We Touch (Premium Edition),2010-02-12,spotify:track:5YJtMNWKe55yr49cyJgxva,Dancefloor
24K Magic,Bruno Mars,24K Magic,2016-11-17,spotify:track:6b8Be6ljOzmkOmFslEb23P,Dancefloor
Come On Eileen - Single Edit,"Dexys Midnight Runners, Kevin Rowland",Come On Eileen / Dubious,2009-01-01,spotify:track:6nWcEzyxDozQcmxMoNJtYx,Dancefloor
Five More Hours,"Deorro, Chris Brown",Five More Hours (Deorro x Chris Brown),2015-03-03,spotify:track:6omW6DQqbdBwJ4NKAcyAng,Dancefloor
Don't Start Now,Dua Lipa,Don't Start Now,2019-10-31,spotify:track:6WrI0LAC5M1Rw2MnX2ZvEg,Dancefloor
Turn off the Lights,"Chris Lake, Alexis Roberts",Turn off the Lights,2018-02-23,spotify:track:7dsImih2L25fa6qjNphBI7,Dancefloor
"Vivaldi: The Four Seasons, Violin Concerto in F Minor, Op. 8 No. 4, RV 297 ""Winter"": I. Allegro non molto","Antonio Vivaldi, Itzhak Perlman, Israel Philharmonic Orchestra",Vivaldi: The Four Seasons,1985-01-01,spotify:track:0ON4FYmS4Zch1NV0lhv9hX,Classical Music
Hypnotica,"Thomas Bergersen, Two Steps from Hell",Invincible,2010-05-03,spotify:track:0QaxMwz9iDegICYqhXAh61,Classical Music
"The Four Seasons: Concerto No. 4 in F Minor, RV 297 ""L'inverno"" (winter): I. Allegro non molto","Antonio Vivaldi, Adrian Chandler, La Serenissima",The Four Seasons • Concertos for Bassoon and Violin 'in tromba marina',2015-09-04,spotify:track:0ROMalDdNg3L2HoZP4qFyJ,Classical Music
"""In The Hall Of The Mountain King"" from Peer Gynt Suite N°1, Op. 46",London Symphony Orchestra,The London Symphony Orchestra: The Top 100 of Classical Music,2010-01-11,spotify:track:14Qcrx6Dfjvcj0H8oV8oUW,Classical Music
Anitra's Dance,London Symphony Orchestra,Classical Favourites - An Hour Of The World's Best Loved Music,2018-09-28,spotify:track:1Aozvs1CIdllsgoCK5mrSC,Classical Music
Für Elise,Ludwig van Beethoven,Classical Best Of,2009-03-01,spotify:track:1DfGPEHxTYeaJpiNA4xUb5,Classical Music
William Tell Overture,"Gioachino Rossini, Arthur Fiedler, Boston Pops Orchestra","I don't like classical music, but I really like this!",2014-06-13,spotify:track:1ISbc05WTtcVh7q7QOXuu4,Classical Music
Thunderstruck,2CELLOS,Celloverse,2015-01-09,spotify:track:1taz71WL8grTxW6JLiL1i8,Classical Music
"Serenade No. 13 in G Major, K. 525, ""Eine kleine Nachtmusik"": I. Allegro","Wolfgang Amadeus Mozart, Capella Istropolitana, Wolfgang Sobotka",Mozart: Kleine Nachtmusik (Eine) / Serenata Notturna / Divertimento No. 10,1988-02-05,spotify:track:1VYOAY7yevYbOj3AFupzSu,Classical Music
"Peer Gynt Suite No. 1, Op. 46: III. Anitra's Dance","Edvard Grieg, The City of Prague Philharmonic Orchestra, Richard Hein",Mythical Horizons,2023-06-29,spotify:track:24M5Xk2il3L9NEycnKE3cg,Classical Music
"Symphony No. 40 in G Minor, K. 550: I. Molto allegro","Wolfgang Amadeus Mozart, Cologne New Philharmonic Orchestra, Volker Hartung","Mozart: Symphony No. 40 in G Minor, Bassoon Concerto & Flute Serenades Nos. 1 & 3",2017-12-08,spotify:track:2K4li6gzDcFNkCtNfjMSsi,Classical Music
I Can,Nas,God's Son,2002-12-13,spotify:track:2NPxL1QqPrD1a7OLHjVcAP,Classical Music
"Serenade No. 13 in G Major, K. 525 ""Eine kleine Nachtmusik"": I. Allegro","Wolfgang Amadeus Mozart, Wiener Kammerphilharmonie",Eine kleine Nachtmusik,1991-12-27,spotify:track:2O0tYnL4ZgIntR1J7HWwh6,Classical Music
Blue Monday,Sebastian Böhm,Blue Monday,2019-12-09,spotify:track:2ZprZEv9BsI2m60vuDHBSI,Classical Music
Dark Colossus (Kaiju),"帆足圭吾, 岡部啓一",NieR:Automata Original Soundtrack,2017-03-29,spotify:track:3CGG2wh4hu4Gj9CcXFOfqw,Classical Music
"Sonata No. 14 ""Moonlight"" in C-Sharp Minor"", Op. 27 No. 2: I. Adagio sostenuto","Ludwig van Beethoven, Paul Lewis","Beethoven: Piano Sonatas, Vol.3",2007-09-25,spotify:track:3DNRdudZ2SstnDCVKFdXxG,Classical Music
"Carmina Burana / Fortuna Imperatrix Mundi: ""O Fortuna""","Carl Orff, Brighton Festival Chorus, Royal Philharmonic Orchestra, Antal Doráti",Orff: Carmina Burana,1975-01-01,spotify:track:47J2TBfDpGQUfHkErP78Tw,Classical Music
Annie's Song,John Denver,Back Home Again,1974-06-15,spotify:track:4J0DbyODwZJcmIAiTSJfMF,Classical Music
"String Quartet No. 3, ""Mishima"": VI. Mishima / Closing","Philip Glass, Carducci String Quartet",Glass: String Quartets Nos. 1-4,2010-06-01,spotify:track:4qZh3yJ7tILlDD0Wmv7Ftj,Classical Music
"Piano Concerto No. 2 in C Minor, Op. 18: 2. Adagio sostenuto","Sergei Rachmaninoff, Valentina Lisitsa, London Symphony Orchestra, Michael Francis",Rachmaninov: Piano Concerto No.2,2012-01-01,spotify:track:4rrrn8OLrttq7r9RgNXalU,Classical Music
"The Planets, Op. 32: 4. Jupiter, the Bringer of Jollity","Gustav Holst, Berliner Philharmoniker, Herbert von Karajan",Holst: The Planets,1981-01-01,spotify:track:59Id4KrBWiizuq53doxWtp,Classical Music
"Suite Bergamasque, L. 75: III. Clair de lune (Andante très expressif)","Claude Debussy, Alain Planès","Debussy: Children's Corner, Suite bergamasque, Images",2007-07-31,spotify:track:6N7JzrteJv8lsr1GWYyu0b,Classical Music
1812 Overture,"Pyotr Ilyich Tchaikovsky, Royal Philharmonic Orchestra, Philip Ellis",Last Night of the Proms,2007-08-03,spotify:track:6oWacAPUt8LMXqRkEk2MNg,Classical Music
The 13th Struggle,Yoko Shimomura,KINGDOM HEARTS -HD 2.5 ReMIX- (Original Soundtrack),2023-02-08,spotify:track:6Qnm3AvpPSOfaHbUmAY9vQ,Classical Music
1812 Overture Op.49 - Finale,Berlin Symphonic Orchestra,World Classical 2010,2010-05-01,spotify:track:78ZA7OybDvDl6Lx07l8EW4,Classical Music
Nocturne with No Moon,Ennio Morricone,The Legend of 1900 (Original Motion Picture Soundtrack),1998,spotify:track:7fNvm9mCjQ49iyWDpPsxrp,Classical Music
女扮男生,At17,Threesome,2007,spotify:track:0pujceqmx9uhErQDU7Zo50,Songs not in English
Foux Du Fafa,Flight of the Conchords,Flight Of The Conchords,2008-04-22,spotify:track:0ws73KuD7D3Huy70hLl7xq,Songs not in English
Hoppípolla,Sigur Rós,Takk...,2005-09-12,spotify:track:0yQPpUq5BJyqah5m2Q5Stt,Songs not in English
The Unsung War,"PROJECT ACES, Bandai Namco Game Music",ACE COMBAT5 THE UNSUNG WAR Original Soundtrack,2023-09-12,spotify:track:141TAZJW27CJuYAwyEOICK,Songs not in English
Taal Se Taal,"Alka Yagnik, Udit Narayan",Taal (Original Motion Picture Soundtrack),1999-08-13,spotify:track:1s2BVgfna5AW7LCw9rf02r,Songs not in English
Erreur 404,L'Impératrice,Matahari (French Version),2018-03-02,spotify:track:1xlBBF8plcM6vHQfOM9Fs7,Songs not in English
Gasolina,Daddy Yankee,Barrio Fino (Bonus Track Version),2004-07-13,spotify:track:228BxWXUYQPJrJYHDLOHkj,Songs not in English
La Bamba - Single Version,Ritchie Valens,Ritchie Valens,1959,spotify:track:2aEeghgUcnu75tzcolFMfs,Songs not in English
El Prao Prao,Los Kechus,Mami,2017-11-04,spotify:track:2kLpmsGejQ1Jxn4aiwv3x3,Songs not in English
My Wing (Remake),Otyken,Kykakacha,2021-06-17,spotify:track:3bAIo1ooDigEnD63UzGR51,Songs not in English
"Non, je ne regrette rien",Édith Piaf,Eternelle,1987-10-31,spotify:track:3dkIE8P7hvl3tHl9KSb6dA,Songs not in English
茜色が燃えるとき,SCOOBIE DO,Beautiful Days,2004-07-21,spotify:track:3O3XLp1UXw7YW3Q3JYMrRn,Songs not in English
Sæglópur,Sigur Rós,Takk...,2005-09-12,spotify:track:3OAf2iksV6MRLzqtUglTDq,Songs not in English
Tu es beau,Yelle,Pop-Up,2007-08-31,spotify:track:3Q434tG4MdftCIgsYP0xQa,Songs not in English
Ó Valhalla,SKÁLD,Vikings Chant (Alfar Fagrahvél Edition),2019-09-20,spotify:track:3tlkmfnEvrEyL35tWnqHYl,Songs not in English
ただ君に晴れ,ヨルシカ,負け犬にアンコールはいらない,2018-05-09,spotify:track:3wJHCry960drNlAUGrJLmz,Songs not in English
When The Rain Stops,Hoody,When The Rain Stops,2021-10-11,spotify:track:44SDHCVr81qmi5YL1GSNXx,Songs not in English
Baianá,Barbatuques,O Seguinte é Esse,2005-01-01,spotify:track:4bndkI1TTh7itdsyixtDoD,Songs not in English
The Prayer of François Villon (Molitva),Regina Spektor,What We Saw from the Cheap Seats (Deluxe Version),2012-05-25,spotify:track:4HJCn4drFd8Gcglm9NjzsX,Songs not in English
Dragostea Din Tei,O-Zone,DiscO-Zone,2002,spotify:track:4nnHlGaBwJHb1rBetqj0Yl,Songs not in English
Kołysanka dla nieznajomej,Perfect,Autobiografia (The Best),2005-07-27,spotify:track:4oLgclTNif24XEFC7O7we4,Songs not in English
Megitsune,BABYMETAL,BABYMETAL,2015-05-11,spotify:track:4pUNH4rWiabtBxj2UiGCKN,Songs not in English
99 Luftballons,Nena,Nena,1983-09-23,spotify:track:4ZhPLoMzZwewHLLjV1J15c,Songs not in English
Tequila,The Champs,Greatest Hits / Tequila,1994-04-19,spotify:track:5gJKsGij5oGt5H5RSFYXPa,Songs not in English
Woman - Sofi Tukker Remix,"Rema, Sofi Tukker, Mavins",Woman (Sofi Tukker Remix),2021-04-02,spotify:track:5hLD4viaS6zWqbelTa6YNI,Songs not in English
Guantanamera,Joseito Fernández,La Música de La Bodeguita: Vol. 1 De Cuba con Sabor,2006-01-01,spotify:track:6ek8f65UGCZaiIBcXkexlE,Songs not in English
Tuyo (Narcos Theme) [Extended Version] - A Netflix Original Series Soundtrack,Rodrigo Amarante,Tuyo (Narcos Theme) [Extended Version] [A Netflix Original Series Soundtrack],2018-11-16,spotify:track:6g2BiiVQqY5v1S4HIrM54F,Songs not in English
Despacito,"Luis Fonsi, Daddy Yankee",VIDA,2019-02-01,spotify:track:6habFhsOp2NvshLv26DqMb,Songs not in English
Baba Yetu,"Christopher Tin, Soweto Gospel Choir",Calling All Dawns,2009-10-01,spotify:track:6UDFkqHY5gLREnSh9jd5th,Songs not in English
Guren no Yumiya,Linked Horizon,Shingeki no Kiseki,2017,spotify:track:70p3HYq9iHZisJqpDmWd1U,Songs not in English
Mil Horas,Los Abuelos De La Nada,1982-1987 - Himnos Del Corazón,1999,spotify:track:7JEnT0uFWcwZqNZWv7hC9N,Songs not in English
Caramelldansen,Caramella Girls,Supergott (Speedy Mixes),2008-01-05,spotify:track:7MwwPyZJ7UKFROj2oVnH6R,Songs not in English
He's a Pirate,Klaus Badelt,Pirates of the Caribbean: The Curse of the Black Pearl (Original Motion Picture Soundtrack),2003-07-22,spotify:track:08QaHlMPWuO5PUxjl61bXn,Ship Voyage
Sea Legs,"Run The Jewels, El-P, Killer Mike",Run The Jewels,2013-06-26,spotify:track:0ATVlCuG5QA2Y0WJg45Awc,Ship Voyage
Surf,Sable,Kanto EP,2015-03-23,spotify:track:0CN4qhF3IUN2T8It1Ttu8X,Ship Voyage
"Yo, Ho, Ho! (And a Bottle of Rum)",Craig Toungate,Disney's Ultimate Swashbuckler Collection,2006-01-01,spotify:track:0DgctWKqMDJsTcLIdLullK,Ship Voyage
"Rolex, the Ocean",Jonah Yano,"Rolex, the Ocean",2018-10-03,spotify:track:0igLG9dfL33XFXpfyZgmb4,Ship Voyage
Come Sail Away,Styx,The Grand Illusion,1977-01-01,spotify:track:0PsbWiVtix5FoTZ1s00mEl,Ship Voyage
Drink,Alestorm,Sunset on the Golden Age,2014-08-04,spotify:track:0SPHbfBIe0mdRnae2MWuzr,Ship Voyage
WHALE,Yellow Ostrich,The Mistress,2011,spotify:track:1NQkPT6lGkCe5N3gVhRyZD,Ship Voyage
Santiana,The Longest Johns,Between Wind And Water,2018-06-07,spotify:track:21Jm43WPaIsv82UJsPkMF0,Ship Voyage
Barrett's Privateers,Stan Rogers,Between The Breaks Live!,1979,spotify:track:2636yvI6PfH8lfIO3Kx5t2,Ship Voyage
Exotica,Parcels,Parcels,2018-10-12,spotify:track:2eC43PWHMbUnwqCRZcbGfo,Ship Voyage
Leave Her Johnny,"Sean Dagher, Nils Brown, Michiel Schrey, Assassin's Creed",Assassin's Creed 4: Black Flag (Sea Shanty Edition) [Original Game Soundtrack],2013-10-29,spotify:track:2vaa0nnDnNTlxCh7fCmjsr,Ship Voyage
Bismarck,Sabaton,Bismarck,2019-05-17,spotify:track:39m87lOMd5ccENPVvAT7gH,Ship Voyage
Electric Feel,MGMT,Oracular Spectacular,2007-12-14,spotify:track:3FtYbEfBqAlGO46NUDQSAt,Ship Voyage
I'm On A Boat,"The Lonely Island, T-Pain",Incredibad,2009,spotify:track:3IQSYqnKsCTMLWn2xE3HFT,Ship Voyage
Treat Me Like a Pirate (feat. Whatchyamacallit),"Flynt Flossy, Yung Humma, Whatchyamacallit",Turquoise J33P Records: Existing Musical Beings,2014-01-17,spotify:track:3PPAPcQCsSkeX9JxPn7Pix,Ship Voyage
The Lighthouse,Dawuna,Glass Lit Dream,2021-11-05,spotify:track:4ks2FEl7f8kNn0vzh3tQBd,Ship Voyage
The Flying Dutchman,The Jolly Rogers,X X V,2016-08-30,spotify:track:4m6d1gakr80NsDIOX4B43p,Ship Voyage
True,Spandau Ballet,The Twelve Inch Mixes,1986-06-30,spotify:track:4q2lRiodoQnyFO65watkse,Ship Voyage
Wellerman - Sea Shanty,Nathan Evans,Wellerman (Sea Shanty),2021-01-21,spotify:track:54OBgO0Xwu20Jak9TMXbR7,Ship Voyage
What Is and What Should Never Be - 1990 Remaster,Led Zeppelin,Led Zeppelin II (1994 Remaster),1969-10-22,spotify:track:5G7uLHtoEW140QOcBpJlfz,Ship Voyage
Sea Shanty Medley,Home Free,Sea Shanty Medley,2021-03-19,spotify:track:5mkoR8mVrEwpDQc9y54sM2,Ship Voyage
Kokomo,The Beach Boys,The Very Best Of The Beach Boys: Sounds Of Summer,2003-01-01,spotify:track:5qHYXcVvc9xsFB2uH7GpMN,Ship Voyage
Drunken Sailor,The Irish Rovers,Drunken Sailor,2012-02-22,spotify:track:5Su5ILFp6U83cnIXwfmlC5,Ship Voyage
Message In A Bottle - Remastered 2003,The Police,Reggatta De Blanc,1979-10-02,spotify:track:5xD021bM8VbqrhCVhxRozx,Ship Voyage
Take You There,Sean Kingston,Sean Kingston,2008-03-11,spotify:track:6AdLyvisRKHLAwARaZMGr6,Ship Voyage
One More Pull,"The Wellermen, The Longest Johns",The Wellermen,2023-02-10,spotify:track:6gDpLHPrId2edxNY0sLK4z,Ship Voyage
Ocean Man,Ween,The Mollusk,1997-04-18,spotify:track:6M14BiCN00nOsba4JaYsHW,Ship Voyage
Wellerman,The Longest Johns,Between Wind And Water,2018-06-07,spotify:track:6ZblDQM0Gq0daaPAwuHOmD,Ship Voyage
Sail,AWOLNATION,Megalithic Symphony,2011-03-15,spotify:track:7ueP5u2qkdZbIPN2YA6LR0,Ship Voyage
Run Boy Run,Woodkid,The Golden Age,2013-01-01,spotify:track:0boS4e6uXwp3zAvz1mLxZS,Fistfighting a Rooster
The Chicken,Bo Burnham,INSIDE (DELUXE),2022-06-03,spotify:track:0k7tFat3QoVTtvMlwAgPaT,Fistfighting a Rooster
Brothers In Arms,Junkie XL,Mad Max: Fury Road (Original Motion Picture Soundtrack),2015-05-12,spotify:track:0rljrAA4HuyJxO5Y4ksY4S,Fistfighting a Rooster
Rooster (2022 Remaster),Alice In Chains,Dirt (2022 Remaster),1992-09-29,spotify:track:0wvIGFIgbyz4JNwQhZgTv2,Fistfighting a Rooster
Gamma Knife,King Gizzard & The Lizard Wizard,Nonagon Infinity,2016-04-29,spotify:track:0yxzfsmzMOCRhbHBpFjXzL,Fistfighting a Rooster
Hit 'Em Up - Single Version,"2Pac, Outlawz",Greatest Hits,1998-01-01,spotify:track:0Z2J91b2iTGLVTZC4fKgxf,Fistfighting a Rooster
Change Your Life (You Can Do It),Dan Deacon,Change Your Life (You Can Do It),2016-09-07,spotify:track:17MXoU0jFQnhpf05xqDc8P,Fistfighting a Rooster
"Blockbuster Night, Pt. 1","Run The Jewels, El-P, Killer Mike",Run the Jewels 2,2014-10-27,spotify:track:1AESnzWt4iMrEPGG7TjXAa,Fistfighting a Rooster
Headstrong,Trapt,Trapt,2002-11-05,spotify:track:1AEYT6VxrxXPMoQUxsY0E4,Fistfighting a Rooster
X Gon' Give It To Ya,DMX,The Best Of DMX,2010-01-26,spotify:track:1FgeteSBYT80nWH1edeiMe,Fistfighting a Rooster
Cafo,Animals As Leaders,Animals as Leaders,2009-04-28,spotify:track:1ZfnGTUnha3QHj3KFmub0W,Fistfighting a Rooster
Tubthumping,Chumbawamba,Tubthumper,1997-09-01,spotify:track:22HYEJveCvykVDHDiEEmjZ,Fistfighting a Rooster
Kung Fu Fighting,Carl Douglas,The Soul of the Kung Fu Fighter,2001,spotify:track:40NRm1ZLvZpUSCUXAGGZ8J,Fistfighting a Rooster
Cigaro,System Of A Down,Mezmerize,2005-05-17,spotify:track:47EqCQZG5v4o0WFMufGf5S,Fistfighting a Rooster
Ladies And Gentlemen,Saliva,Blood Stained Love Story,2007-01-01,spotify:track:48ncRBVLgiu8MY7O70VVw5,Fistfighting a Rooster
Never Fight A Man With A Perm,IDLES,Joy as an Act of Resistance.,2018-08-31,spotify:track:4B4CQ84BBpHK5d02cWKUb0,Fistfighting a Rooster
David De La Hoz,The Chariot,Long Live,2010-11-22,spotify:track:4K2dhclnoO8NlFFiwCrG4p,Fistfighting a Rooster
Free Bird,Lynyrd Skynyrd,Pronounced' Leh-'Nerd 'Skin-'Nerd,1973-01-01,spotify:track:5EWPGh7jbTNO2wakv8LjUI,Fistfighting a Rooster
Rasputin,Boney M.,Daddy Cool,1994-03-14,spotify:track:5lWSa1rmuSL6OBPOnkAqoa,Fistfighting a Rooster
You're Going Down,Sick Puppies,Tri-polar,2010-01-01,spotify:track:5omWAB5iNMHvbAfBSzkdu8,Fistfighting a Rooster
Fight Dirty,"Guignol, Mischief Brew",Fight Dirty,2010-04-13,spotify:track:5S9fViU9VoQiT6ZX347RhJ,Fistfighting a Rooster
Damn! (feat. Lil' Jon) - Club Mix,"Youngbloodz, Lil Jon",Drankin' Patnaz,2003-07-25,spotify:track:5TpaWJKnuyA4MjzAbFXSTQ,Fistfighting a Rooster
Bushes of Love,Bad Lip Reading,Bushes of Love,2015-12-18,spotify:track:75LOt4i3Xlmpu8bFu4kdUR,Fistfighting a Rooster
Get Got,Death Grips,The Money Store,2012-04-23,spotify:track:781V2Y5LPtcpgONEOadadE,Fistfighting a Rooster
"Gonna Fly Now - Theme From ""Rocky""",Bill Conti,Rocky (Original Motion Picture Score),1976-10-14,spotify:track:7iXYRR70wewzVYzWScm99j,Fistfighting a Rooster
Jaguar God,Mastodon,Emperor of Sand,2017-03-31,spotify:track:7lGOFEVWK0jzpLMFuR4ANh,Fistfighting a Rooster
I'm Shipping Up To Boston,Dropkick Murphys,The Warrior's Code,2005-07-19,spotify:track:7rSERmjAT38lC5QhJ8hnQc,Fistfighting a Rooster
You Spin Me Round (Like a Record),Dead Or Alive,Youthquake,1985-03-26,spotify:track:7uHO4AmKtyGa5v5fsElGoC,Fistfighting a Rooster
Run Away With Me,Carly Rae Jepsen,Emotion (Deluxe Expanded Edition),2015,spotify:track:0FS7B5o3QyvOD8eWjnbLoO,Female Popstars
Chemicals,Rosemary Fairweather,Heavenly,2016-11-04,spotify:track:1Jl74ao9nBADj4KtQmwCIF,Female Popstars
Ain't No Mountain High Enough,Diana Ross,Diamond Diana: The Legacy Collection,2017-11-17,spotify:track:1KbuhBnzMHp4eq1q6flhWd,Female Popstars
Malibu,Miley Cyrus,Younger Now,2017-09-29,spotify:track:1UZOjK1BwmwWU14Erba9CZ,Female Popstars
Dog Days Are Over,Florence + The Machine,Lungs (Deluxe Edition),2009,spotify:track:1YLJVmuzeM2YSUkCCaTNUB,Female Popstars
Gone,"Charli XCX, Christine and the Queens",Charli,2019-09-13,spotify:track:1yUJK3qxPiFiPeAG2gLfuW,Female Popstars
Super Bass,Nicki Minaj,Pink Friday,2010-01-01,spotify:track:2jSwKQBouf0brIcxGfA9CZ,Female Popstars
Lost on You,LP,Lost on You,2017-05-05,spotify:track:2LIh4uzqq9cXMPzzmcToHl,Female Popstars
Chandelier,Sia,1000 Forms Of Fear (Deluxe Version),2015-05-04,spotify:track:2s1sdSqGcKxpPr5lCl7jAV,Female Popstars
Blank Space,Taylor Swift,1989 (Deluxe Edition),2014-10-27,spotify:track:2sC2P3BN0IXujNaaSyDmtP,Female Popstars
Call Your Girlfriend,Robyn,Body Talk,2010-01-01,spotify:track:2sCoROOlNQyFpRQEe6A5lv,Female Popstars
New Romantics (Taylor's Version),Taylor Swift,1989 (Taylor's Version),2023-10-26,spotify:track:2vPMoMDXxu9uX1igWZmXSG,Female Popstars
Bulletproof,La Roux,La Roux,2009,spotify:track:3kMrazSvILsgcwtidZd1Qd,Female Popstars
We Belong Together,Mariah Carey,The Emancipation of Mimi,2005-04-12,spotify:track:3LmvfNUQtglbTrydsdIqFU,Female Popstars
Gimme! Gimme! Gimme! (A Man After Midnight),ABBA,Voulez-Vous,1979,spotify:track:3vkQ5DAB1qQMYO4Mr9zJN6,Female Popstars
Genesis,Grimes,Visions,2012-02-21,spotify:track:4sCYKMatyhazyy6r2N7Hp2,Female Popstars
A Thousand Miles,Vanessa Carlton,Be Not Nobody,2002-04-30,spotify:track:4w1lzcaoZ1IC2K5TwjalRP,Female Popstars
Shake It Off,Taylor Swift,1989,2014-10-27,spotify:track:5xTtaWoae3wi06K5WfVUUH,Female Popstars
Toxic,Britney Spears,In The Zone,2003-11-13,spotify:track:6I9VzXrHxO9rA9A5euc8Ak,Female Popstars
Supercut,Lorde,Melodrama,2017-06-16,spotify:track:6K8VQ84MqhsoakN5MjrnVR,Female Popstars
Ta reine,Angèle,Brol La Suite,2019-11-07,spotify:track:6nsLrJq5YIACRcKqY873Wi,Female Popstars
Criminal,Fiona Apple,Tidal,1996-07-23,spotify:track:6PNvv1dmDbOWrAYwEcuKBX,Female Popstars
brutal,Olivia Rodrigo,SOUR,2021-05-21,spotify:track:6SRsiMl7w1USE4mFqrOhHC,Female Popstars
telepatía,Kali Uchis,Sin Miedo (del Amor y Otros Demonios) ∞,2020-12-04,spotify:track:6tDDoYIxWvMLTdKpjFkc1B,Female Popstars
Build a Bitch,Bella Poarch,Build a Bitch,2021-05-14,spotify:track:7BoobGhD4x5K96Me0hqC8Q,Female Popstars
Cannes,Romane Santarelli,Cannes,2020-10-23,spotify:track:7GNcYtI60RBrex8dM6j4RB,Female Popstars
"Lady Marmalade - From ""Moulin Rouge"" Soundtrack","Christina Aguilera, Lil' Kim, Mýa, P!nk",Moulin Rouge,2001-01-01,spotify:track:7GQqj9jRtDkMp8zByehXQI,Female Popstars
Respect,Aretha Franklin,I Never Loved a Man the Way I Love You,1967-03-10,spotify:track:7s25THrKz86DM225dOYwnr,Female Popstars
BLACKOUT,Turnstile,GLOW ON,2021-08-27,spotify:track:0bGImSqDB2ebdeoCidUC8o,Headbangers
Party Hard,Andrew W.K.,I Get Wet,2001-01-01,spotify:track:0E0bZtTG39K95uRjqBo1Mx,Headbangers
Savage (feat. Flux Pavilion & MAX),"Whethan, Flux Pavilion, MAX",Savage (feat. Flux Pavilion & MAX),2016-12-06,spotify:track:0kD586ste6xyDRqUYhVlCh,Headbangers
Sabotage,Beastie Boys,Ill Communication,1994-05-23,spotify:track:0Puj4YlTm6xNzDDADXHMI9,Headbangers
Bulls On Parade,Rage Against The Machine,Evil Empire,1996-04-16,spotify:track:0tZ3mElWcr74OOhKEiNz1x,Headbangers
Pull Harder on the Strings of Your Martyr,Trivium,Ascendancy,2005-03-07,spotify:track:0UXaslpoA81no74N7U56U9,Headbangers
For Those About to Rock (We Salute You),AC/DC,For Those About to Rock (We Salute You),1981-11-23,spotify:track:17lu4tymfnhmcIDlzBbtAb,Headbangers
Doin' The Cockroach,Modest Mouse,The Lonesome Crowded West,1997-11-18,spotify:track:19KYXwOkJXAC6ymLvZYlt6,Headbangers
I Bet You Look Good On The Dancefloor,Arctic Monkeys,"Whatever People Say I Am, That's What I'm Not",2006-02-21,spotify:track:20fdsKwT2UQGKB1WjF8LfI,Headbangers
Chop Suey!,System Of A Down,Toxicity,2001-09-04,spotify:track:2DlHlPMa4M17kufBvI2lEN,Headbangers
Re-Education (Through Labor),Rise Against,Endgame / Appeal To Reason / Siren Song Of The Counter Culture / The Sufferer & The Witness,2012-01-01,spotify:track:2TJqTvzycPZiHcTSgih4d9,Headbangers
Bat Country,Avenged Sevenfold,City of Evil,2005-06-06,spotify:track:3sHH7lklbfpcraDDvYnjo7,Headbangers
Enter Sandman (Remastered),Metallica,Metallica (Remastered),1991-08-12,spotify:track:3VqHuw0wFlIHcIPWkhIbdQ,Headbangers
Monkey Wrench,Foo Fighters,The Colour And The Shape,1997-05-20,spotify:track:44wXefe8WB9Fd6xwtmAwbR,Headbangers
The Best Ever Death Metal Band in Denton,The Mountain Goats,All Hail West Texas (Remastered),2002-02-19,spotify:track:4AtUqjDgRO2S3jBzAjRvh7,Headbangers
Let 'em Burn,NOTHING MORE,The Stories We Tell Ourselves,2017-09-15,spotify:track:4bPrKGqQKiBmf49XB4F4H5,Headbangers
Never Gonna Give You Up,Rick Astley,Whenever You Need Somebody,1987-11-12,spotify:track:4cOdK2wGLETKBW3PvgPWqT,Headbangers
Bleed,Meshuggah,ObZen,2008-03-07,spotify:track:4E6wpXABj8XosZEPXZz2OK,Headbangers
Feel the Pressure,DRAIN,California Cursed,2020-04-10,spotify:track:58z4qdwM0zpWJEGfjSptR7,Headbangers
Killing In The Name,Rage Against The Machine,Rage Against The Machine - XX (20th Anniversary Special Edition),1992,spotify:track:59WN2psjkt1tyaxjspN8fp,Headbangers
Smells Like Teen Spirit,Nirvana,Nevermind (Remastered),1991-09-26,spotify:track:5ghIJDpPoe3CfHMGu71E6T,Headbangers
Welcome to Paradise,Green Day,Dookie,1994-02-01,spotify:track:5kr3j5Clb9rjEposoMyLVt,Headbangers
Rip & Tear,Mick Gordon,Doom (Original Game Soundtrack),2016-09-28,spotify:track:5soMJpcVhSrGrB4prvPL6P,Headbangers
Bulls on Parade - triple j Like A Version,Denzel Curry,Bulls on Parade (triple j Like A Version),2019-03-15,spotify:track:6FCfj69zzQHnrx4fTukhfo,Headbangers
Miststück 2012,Eisbrecher,Es bleibt kalt°! (2003-2023),2023-08-18,spotify:track:6RFE4C8KeBJy01Ebf90pHz,Headbangers
Another Me (with Dylan Matthew),"Seven Lions, Excision, Wooli",Another Me (with Dylan Matthew),2019-08-30,spotify:track:6sLohu3lQbmMhYVnb6OTvw,Headbangers
Atomic Punk - 2015 Remaster,Van Halen,Van Halen (Remastered),1978-02-10,spotify:track:6XzfupaB5ikgUMnrFgJBvS,Headbangers
Empty Walls,Serj Tankian,Elect the Dead (Deluxe),2007-10-16,spotify:track:6Y2kW1mdHE0znPCjtOdt5m,Headbangers
Zwischen uns,Eisbrecher,Schock,2015-01-23,spotify:track:7BOQf672CArOXYDR962JEx,Headbangers
Break Ya Neck,Busta Rhymes,Genesis,2001-11-07,spotify:track:7gKgd0P3dAAePiSQQBqrlf,Headbangers
Generator,Turnstile,Time & Space,2018-02-23,spotify:track:04vAjpZ2ppNIFcxq9bqj39,Walk up Songs
Throne,Bring Me The Horizon,That's The Spirit,2015-09-11,spotify:track:0M3adYbGtyRHACP86dey1H,Walk up Songs
Can You Feel My Heart,Bring Me The Horizon,Sempiternal (Expanded Edition),2013-04-01,spotify:track:0WSa1sucoNRcEeULlZVQXj,Walk up Songs
Colossus,Avatar,Hunter Gatherer,2020-08-07,spotify:track:1LSG1nQTeBVxofK8lQnJny,Walk up Songs
Higher,Creed,Human Clay,1999-01-01,spotify:track:1ZozJfi8u9cO2Ob8KwiwNT,Walk up Songs
Don't Stay,Linkin Park,Meteora (Bonus Edition),2003-09-16,spotify:track:27gUeiai56GKF6TxvmPJut,Walk up Songs
POWER,Kanye West,My Beautiful Dark Twisted Fantasy,2010-11-22,spotify:track:2gZUPNdnz5Y45eiGxpHGSc,Walk up Songs
Icky Thump,The White Stripes,Icky Thump,2007-06-15,spotify:track:2LMq1O0NiqGhPOlXo3McYQ,Walk up Songs
Jose & Mark,"The Unauthorized Bash Brothers Experience, The Lonely Island",The Unauthorized Bash Brothers Experience,2019-05-23,spotify:track:3e7HpTiU7ZMAr8Jih0nRPp,Walk up Songs
Neutrogena Spektor,Origami Angel,GAMI GANG,2021-04-30,spotify:track:3GcKWwmUxDteNfraOC8A8g,Walk up Songs
Enter Sandman (Remastered),Metallica,Metallica (Remastered),1991-08-12,spotify:track:3VqHuw0wFlIHcIPWkhIbdQ,Walk up Songs
Circus Music,The Hit Crew,Drew's Famous Presents Carnival Games Party Music,2016-01-01,spotify:track:3xkA8ENdlyrjmMWMGXQwGN,Walk up Songs
Crack A Bottle,"Eminem, Dr. Dre, 50 Cent",Relapse: Refill,2009-05-15,spotify:track:4dK00wCxlqWEeN8BoM1BHT,Walk up Songs
Take a Walk,Passion Pit,Gossamer,2012-07-23,spotify:track:4Sfa7hdVkqlM8UW5LsSY3F,Walk up Songs
Narco,"Blasterjaxx, Timmy Trumpet",Narco,2017-11-13,spotify:track:4TuNI3WEMyLQAKRMJmcQdA,Walk up Songs
...To Be Loved,Papa Roach,The Paramour Sessions,2006-01-01,spotify:track:4yUUVfwvxtMecOQ2fI7a7j,Walk up Songs
Ante Up (Robbin Hoodz Theory),M.O.P.,Warriorz,2000-08-29,spotify:track:550JPXXPgjr1xqxtKIaX6b,Walk up Songs
Hero,Weezer,Van Weezer,2021-05-07,spotify:track:5AprQMAX0PtpG923NUgZN6,Walk up Songs
Busy Earnin',Jungle,Jungle,2014-07-15,spotify:track:5TloYFwzd09yWy8xkRLVUu,Walk up Songs
"So Fresh, So Clean",Outkast,Stankonia,2000-10-31,spotify:track:6glsMWIMIxQ4BedzLqGVi4,Walk up Songs
Jump Around,House Of Pain,House of Pain (Fine Malt Lyrics),1992-07-21,spotify:track:6JymsaWDHk2Yj4e0yNBIFH,Walk up Songs
Godzilla,Blue Öyster Cult,Spectres,1977,spotify:track:6N0AnkdDFZUetw8KAGHV7e,Walk up Songs
Remember the Name (feat. Styles of Beyond),"Fort Minor, Styles Of Beyond",The Rising Tied,2005-11-21,spotify:track:6ndmKwWqMozN2tcZqzCX4K,Walk up Songs
Snookered,Dan Deacon,Bromst,2009-03-24,spotify:track:6rqxDx2AyWQYgT3zuAPQVU,Walk up Songs
Gay Bar,Electric Six,Fire,2003-05-19,spotify:track:7G5xEOORkAAUhx6wjTRb26,Walk up Songs
Allumer le feu,Johnny Hallyday,Légende - Best Of 40 titres,2022-11-25,spotify:track:7lCtCMAFCpjbC5VKVxfr1b,Walk up Songs
Metalingus (Edge's WWE Theme),"It Lives, It Breathes",Metalingus (Edge's WWE Theme),2018-04-02,spotify:track:7oMA3qs18aC69Cr4k6EAyn,Walk up Songs
Legend Has It,"Run The Jewels, El-P, Killer Mike",Run The Jewels 3,2016-12-25,spotify:track:7satW8tFLasyZbftvrWFBP,Walk up Songs
Bleed American,Hot Mulligan,Bleed American,2021-07-21,spotify:track:0G7Bbj7RgnPMPyb2ONjChY,Covers
La chanson des vieux amants,Melody Gardot,Brel - Ces gens-là,2019-04-05,spotify:track:154yAcyZR87d5uBw4W7Jjm,Covers
The Sound of Silence,Disturbed,Immortalized,2015-08-21,spotify:track:1Cj2vqUwlJVG27gJrun92y,Covers
Mrs. Robinson - Remastered,The Lemonheads,It's a Shame About Ray (Expanded Edition),1992-01-01,spotify:track:1Hnv9uDIokwi4nkcVUyS0X,Covers
Hurt,Johnny Cash,American IV: The Man Comes Around,2002-01-01,spotify:track:28cnXtME493VX9NOw9cIUh,Covers
All Along the Watchtower,Jimi Hendrix,Electric Ladyland,1968-10-25,spotify:track:2aoo2jlRnM3A0NyLQqMN2f,Covers
Just a Friend 2002 - Radio Edit,Mario,Mario,2002-07-22,spotify:track:2cxbxpHrND6i4uvUGVvC9J,Covers
Separate Ways (Worlds Apart),A Skylit Drive,Punk Goes Classic Rock,2010-04-27,spotify:track:2nSxwKVxaFk6TJ6ijiWKAp,Covers
DO 4 LOVE,Snoh Aalegra,Spotify Singles,2021-10-29,spotify:track:3FImu2LpSuH6gDHBuFgIbS,Covers
Mad World,"Gary Jules, Michael Andrews",Trading Snakeoil for Wolftickets,2001-01-01,spotify:track:3JOVTQ5h8HGFnDdp4VT3MP,Covers
Over the Rainbow,Israel Kamakawiwo'ole,Alone In Iz World,2001-09-25,spotify:track:3oQomOPRNQ5NVFUmLJHbAV,Covers
My Way,Frank Sinatra,My Way (Expanded Edition),1969-03,spotify:track:3spdoTYpuCpmq19tuD0bOe,Covers
God Bless America,"Charles Bradley, Menahan Street Band, the Gospel Queens",Changes,2016-04-01,spotify:track:41Od0k8dsUKEyZZLmVPEul,Covers
Hellfire,Jonathan Young,VILLAINS,2019-01-01,spotify:track:4Ajar7wvwmo0GabVdZnmrF,Covers
Prototype,DRAM,Prototype,2018-08-17,spotify:track:4DuGrfVFyg9q0oBkcjjGo8,Covers
I Will Always Love You,Whitney Houston,The Bodyguard - Original Soundtrack Album,1992-11-17,spotify:track:4eHbdreAnSOrDDsFfc4Fpm,Covers
Never Let You Go,"RAC, Matthew Koma, Hilary Duff",Never Let You Go,2020-02-12,spotify:track:4ioTh5Nrk0Vp8X3u1tHhob,Covers
How I Could Just Kill a Man,Rage Against The Machine,Renegades,2000-12-05,spotify:track:4K1DB7EedHPuVnhVrnvf2U,Covers
Beat It,"Fall Out Boy, John Mayer",Believers Never Die - Greatest Hits,2009-01-01,spotify:track:4OMsAnt8JSBctSJQIMNAy1,Covers
Sweet Dreams Seven Nation Army Mashup,"Pomplamoose, Sarah Dugas",Sweet Dreams Seven Nation Army Mashup,2019-09-19,spotify:track:4qLaxJOMGv9DyxuayDw60n,Covers
Hotel California (Spanish Mix),Gipsy Kings,!Volare! The Very Best of the Gipsy Kings,2000-09-05,spotify:track:4Rvhe8O90hFIExTJkdrRPM,Covers
I Will Survive,CAKE,Fashion Nugget,1996-09-17,spotify:track:4THrHKyBL0yaDDw9yg37Zk,Covers
Girls Just Want to Have Fun,Cyndi Lauper,She's So Unusual,1983-10-14,spotify:track:4y1LsJpmMti1PfRQV9AWWe,Covers
Chemtrails Over The Country Club - triple j Like A Version,Hayley Mary,Chemtrails Over The Country Club (triple j Like A Version),2021-03-26,spotify:track:54HGjwjSYzZKHYxIMcix7X,Covers
Tainted Love,Soft Cell,Non-Stop Erotic Cabaret,1981,spotify:track:58E1XVmZTODC67YNjneuXM,Covers
Fireflies - triple j Like A Version,Great Gable,Fireflies (triple j Like A Version),2022-07-01,spotify:track:6lor0TrU7UtjUerVWQkeoI,Covers
Believe (triple j Like A Version) - Cover Version,DMA'S,Believe (triple j Like A Version) [Cover Version],2017-04-24,spotify:track:76aAaIv5bS8HQJVJ1cc8Ge,Covers
House Of The Rising Sun,The Animals,The Animals,1964-01-01,spotify:track:7BY005dacJkbO6EPiOh2wb,Covers
Particle,Pyramaze,Epitaph,2020-11-13,spotify:track:05YHbhEwlMM9xL4MlG8o2o,Recent Favs
Promises,Justin Park,I Can See The Stars From Here,2022-05-13,spotify:track:0F2c3dLuOXM6Pcc95wXHmk,Recent Favs
This Year,The Mountain Goats,The Sunset Tree,2005-04-25,spotify:track:0s9aeZriwqyBYfxFzsd20R,Recent Favs
When It Lands,Rainbow Kitten Surprise,"How to: Friend, Love, Freefall",2018-04-06,spotify:track:16ro1is6DmDKkarlJMBbzV,Recent Favs
Still Have Room,Hockey Dad,Still Have Room,2023-10-30,spotify:track:1CqISEsTc9TDUDyfAtJNmc,Recent Favs
A Planet Called Lies,RILTIM,A Planet Called Lies,2022-11-29,spotify:track:1V5UGgTRzDkCgSBqQMUZoE,Recent Favs
Ecstasy,This Is Shit,/// (Deluxe),2021-05-21,spotify:track:1VTgLfh74ClrsJiYW7rcFs,Recent Favs
Decode,Paramore,Decode,2008-11-04,spotify:track:1ZLtE9tSJdaUiIJ9YoKHQe,Recent Favs
Op Shop Lover,"grentperez, Lime Cordiale",Op Shop Lover,2023-09-28,spotify:track:1zXLuKyLq6GW4aueTHs3Bq,Recent Favs
MISERY,Written by Wolves,BURN,2023-11-01,spotify:track:26amk0JMRV1Iun3DOkdefv,Recent Favs
Bad Boy!,Bella Poarch,Bad Boy!,2023-11-10,spotify:track:2RlinrCj73yZ731f2zerOq,Recent Favs
Under The Same Sky,City of the Sun,City of the Sun,2020-06-26,spotify:track:2t7JWNbwOGzKn2GByRaxzL,Recent Favs
Little Numbers,BOY,Mutual Friends (Bonus Track Version),2013-02-26,spotify:track:32UKzfkSMoFSHfcd20l4PW,Recent Favs
I Used To Be Fun,Teen Jesus and the Jean Teasers,I Love You,2023-10-06,spotify:track:3cn3g1pvplVckm1vWtDMVf,Recent Favs
My Love Mine All Mine,Mitski,The Land Is Inhospitable and So Are We,2023-09-15,spotify:track:3vkCueOmm7xQDoJ17W1Pm3,Recent Favs
ABC (feat. Sophia Black),"Polyphia, Sophia Black",Remember That You Will Die,2022-10-28,spotify:track:4c8TMfsKJIrRgCWs8LCEbQ,Recent Favs
Move on Up - Live,Delvon Lamarr Organ Trio,Live at KEXP!,2018-04-20,spotify:track:4ejYPzCYRkyb11nNxWWaIn,Recent Favs
Narcissist (feat. The 1975),"No Rome, The 1975",RIP Indo Hisashi,2018-08-28,spotify:track:4qjLvvBh5ZeKEPyShKRf06,Recent Favs
PANIC!!!,Paris Texas,MID AIR,2023-07-21,spotify:track:4rQctW9wwme9H2Fyq5bFMq,Recent Favs
Uninvisible,"Medeski, Martin & Wood",Uninvisible,2002-01-01,spotify:track:5Ee0wVyPuys66jaDo09eHY,Recent Favs
Luxe,"Holy Fuck, Alexis Taylor",Deleter,2020-01-17,spotify:track:5VGFmidFi9rSWpE0gi7yBv,Recent Favs
My Dead Gay Son,"Anthony Crivello, Daniel Cooney",Heathers: The Musical (World Premiere Cast Recording),2014-06-10,spotify:track:5zkR2vfAGuzLeOL7MNKYvk,Recent Favs
Quartet at the Ballet,"Christy Altomare, Derek Klena, Mary Beth Peil, Ramin Karimloo",Anastasia (Original Broadway Cast Recording),2017-06-09,spotify:track:670Te259H79f3TiiEgzd2B,Recent Favs
Low Down & Lonesome,"Sam Doores, Riley Downing, The Tumbleweeds",Holy Cross Blues,2012-10-23,spotify:track:6r86nFDoCRzlnYHDI2sRJE,Recent Favs
"Kiss Me, Son of God",They Might Be Giants,Lincoln,1988,spotify:track:6y2cLmWkuM7u5By6ElBrla,Recent Favs
Mona Lisa,Dominic Fike,Sunburn,2023-07-07,spotify:track:71DSaeKtXQaMAqnvMT7Uoc,Recent Favs
Go Do,Jónsi,Go,2010-04-02,spotify:track:06ivS38drtNuRCDIg2ww9k,Music to wake up to
Lovely Day,Bill Withers,Menagerie,1977-10-29,spotify:track:0bRXwKfigvpKZUurwqAlEh,Music to wake up to
Sunday Morning,"桑原あい, Shun Ishiwaka",Dear Family,2017-11-08,spotify:track:0HqMK0qcqlYOQXaSASz3wM,Music to wake up to
Wake Me Up Before You Go-Go,Wham!,Make It Big,1984-10-23,spotify:track:0ikz6tENMONtK6qGkOrU3c,Music to wake up to
Get Up & Get It (feat. 3lw & Felecia),"Bone Thugs-N-Harmony, 3LW, Felecia",Thug World Order,2002-10-29,spotify:track:0Li0zZaIPE6c5TMFXqbPeC,Music to wake up to
"Queen Rutela (From ""The Legend of Zelda, Twilight Princess"")",Arcade Player,"Zelda: The Legendary Themes, Vol. 4",2019-11-15,spotify:track:1k9Vec0xMGW9tl3tB9eo1f,Music to wake up to
Waking Up Easy,Lime Cordiale,Waking Up Easy,2016-09-30,spotify:track:1mupwOlwPPnX76edNnu2H1,Music to wake up to
Heat Of The Moment,Asia,Asia,1982-03-08,spotify:track:1nmZ8yqKkfooOuYvtFctDp,Music to wake up to
Get Up! (feat. Skrillex),"Korn, Skrillex",The Path of Totality (Special Edition),2011-11-30,spotify:track:25EgA1A1OZBRw25Mjyw08g,Music to wake up to
Gel Yanıma,Palmiyeler,Şeytan Odama Geldi,2021-01-21,spotify:track:2ygtsweSWT3E2d5Rc95IBd,Music to wake up to
裏切りの夕焼け,THEATRE BROOK,裏切りの夕焼け,2010-02-24,spotify:track:3CmSagHUDDSpoMhn3tqvdR,Music to wake up to
The Best Day Ever,Spongebob Squarepants,The SpongeBob SquarePants Movie-Music From The Movie and More,2004-11-09,spotify:track:3L3dVggx061Wx5y4d2L0mQ,Music to wake up to
Where Do I Begin,The Chemical Brothers,Dig Your Own Hole,1997-01-01,spotify:track:3oSEK4SrwRNkdkAXigagSb,Music to wake up to
Time,Pink Floyd,The Dark Side of the Moon,1973-03-01,spotify:track:3TO7bbrUKrOSPGRTB5MeCz,Music to wake up to
Unwritten,Natasha Bedingfield,Unwritten,2004-08-30,spotify:track:3U5JVgI2x4rDyHGObzJfNf,Music to wake up to
Missed the Boat,Modest Mouse,We Were Dead Before The Ship Even Sank,2007-03-20,spotify:track:4asjU3sDnn3002bTJIg2vZ,Music to wake up to
Perfect Day,Hoku,Perfect Day Single,2005-01-19,spotify:track:4pMyfWdA0eo3JY5RqMotbw,Music to wake up to
I Write Sins Not Tragedies,Panic! At The Disco,A Fever You Can't Sweat Out,2005-09-27,spotify:track:5cY8y2XgOfkAh4kSWLFKkz,Music to wake up to
Don't Let Them,Young Bombs,Don't Let Them,2019-05-31,spotify:track:5DcfAiJLSxOqhgatiFXy3P,Music to wake up to
Free Bird,Lynyrd Skynyrd,Pronounced' Leh-'Nerd 'Skin-'Nerd,1973-01-01,spotify:track:5EWPGh7jbTNO2wakv8LjUI,Music to wake up to
This Must Be the Place (Naive Melody) - 2005 Remaster,Talking Heads,Speaking in Tongues (Deluxe Version),1983-05-31,spotify:track:6aBUnkXuCEQQHAlTokv9or,Music to wake up to
Here Comes The Sun - Remastered 2009,The Beatles,Abbey Road (Remastered),1969-09-26,spotify:track:6dGnYIeXmHdcikdzNNDMm2,Music to wake up to
Black Skinhead,Kanye West,Yeezus,2013-06-18,spotify:track:722tgOgdIbNe3BEyLnejw4,Music to wake up to
Gotta Get Thru This - D'N'D Radio Edit,"Daniel Bedingfield, D'N'D Productions",Gotta Get Thru This,2002-01-01,spotify:track:747tpec1a0Hfqvj2za1pBs,Music to wake up to
Sweet Home Alabama,Lynyrd Skynyrd,Second Helping (Expanded Edition),1974-04-15,spotify:track:7e89621JPkKaeDSTQ3avtg,Music to wake up to
Sunday Morning,Amanaz,Africa,1975,spotify:track:7rFu5IhLj50r2tNM2d2cat,Music to wake up to
Slide,Low,I Could Live In Hope,1994-01-01,spotify:track:009fTJuFlQ5Rx37dtQBYij,Songs that make you cry
i don't know what to say,Bring Me The Horizon,amo,2019-01-25,spotify:track:013TFRzJWkT41RRSgSenfI,Songs that make you cry
Into the West,Annie Lennox,The Lord of the Rings: The Return of the King (Original Motion Picture Soundtrack),2003-11-24,spotify:track:0gSEyG7pOFuHM05433EibX,Songs that make you cry
Drugs You Do,Vernon Jane,The Ritual of Love Making,2020-05-15,spotify:track:0XJ3XRWqJ0XsqFqCAVmmPW,Songs that make you cry
Do Me a Favour,Arctic Monkeys,Favourite Worst Nightmare (Standard Version),2007-04-24,spotify:track:13NCxLOlvQ4Tnexgfp03Gs,Songs that make you cry
Surf,Mac Miller,Circles,2020-01-17,spotify:track:1kwnxJNVl7cwcU98RvMBaR,Songs that make you cry
Fade Into You,Mazzy Star,So Tonight That I Might See,1993-10-05,spotify:track:1LzNfuep1bnAUR9skqdHCK,Songs that make you cry
Blue,Mai Yamane,COWBOY BEBOP (Original Motion Picture Soundtrack 3 - Blue),1999-05-01,spotify:track:1y8cNFVQOzeAGMESmmnGnt,Songs that make you cry
What A Wonderful World,Louis Armstrong,What A Wonderful World,1968-01-01,spotify:track:29U7stRjqHU6rMiS8BfaI9,Songs that make you cry
Shelter,"Porter Robinson, Madeon",Shelter,2016-08-12,spotify:track:2CgOd0Lj5MuvOqzqdaAXtS,Songs that make you cry
Do You Realize??,The Flaming Lips,Yoshimi Battles the Pink Robots,2002-05-13,spotify:track:2DFRFqWNahKtFD112H2iEZ,Songs that make you cry
Fade In / Fade Out,NOTHING MORE,The Stories We Tell Ourselves,2017-09-15,spotify:track:3HYs3wvhafGbyoGtLspEzr,Songs that make you cry
One More Light,Linkin Park,One More Light,2017-05-19,spotify:track:3xXBsjrbG1xQIm1xv1cKOt,Songs that make you cry
My Hero,Foo Fighters,The Colour And The Shape,1997-05-20,spotify:track:4dVbhS6OiYvFikshyaQaCN,Songs that make you cry
You Raise Me Up,Josh Groban,Closer,2003-11-11,spotify:track:4TbNLKRLKlxZDlS0pu7Lsy,Songs that make you cry
Here With Me,d4vd,Petals to Thorns,2023-05-26,spotify:track:5LrN7yUQAzvthd4QujgPFr,Songs that make you cry
Pepper,Death Cab for Cutie,Asphalt Meadows,2022-09-16,spotify:track:5p0bEz7DNsULez2X9yrNGa,Songs that make you cry
It Kills Me To Have To Be Alive,The Smith Street Band,More Scared Of You Than You Are Of Me,2017-04-07,spotify:track:5ROIZj7uBAlrZW4MPWvxHy,Songs that make you cry
"Oh, Miles","Lane 8, Julia Church","Oh, Miles",2021-01-14,spotify:track:61Hn9ssQkVEWq4ZmPwHyzd,Songs that make you cry
Call Me Call Me,Steve Conte,COWBOY BEBOP (Original Motion Picture Soundtrack 3 - Blue),1999-05-01,spotify:track:63FSxvYjpbbhNvYK83aCBD,Songs that make you cry
"Moonlit Night (From ""Death Parade"")",Thomas Stapleton,"Moonlit Night (From ""Death Parade"")",2020-10-31,spotify:track:676nATSHHupZm7HuWtTL5s,Songs that make you cry
I'm Not Okay,Citizen Soldier,Down the Rabbit Hole,2020-11-20,spotify:track:6A3d5JdnSmW7EVmil842LP,Songs that make you cry
True Love Will Find You in the End,Daniel Johnston,1990,1990-01-01,spotify:track:6fEjOPaZoxQl3oha9GDJAN,Songs that make you cry
Million Questions,Patrick Jørgensen,Million Questions,2015-08-21,spotify:track:6r8il6QJeBaNWV4kSAWV2t,Songs that make you cry
Scorpion Hill,PUP,Morbid Stuff,2019-04-05,spotify:track:6V81AXrBjlatmtziFShiaq,Songs that make you cry
Fix You,Coldplay,X&Y,2005-06-07,spotify:track:7LVHVU3tWfcxj5aiPFEW4Q,Songs that make you cry
Golden Slumbers - Remastered 2009,The Beatles,Abbey Road (Remastered),1969-09-26,spotify:track:01SfTM5nfCou5gQL70r6gs,Sub 2 minute Bangers
Funny Thing,Thundercat,It Is What It Is,2020-04-03,spotify:track:1c5CllrZr45UBhWpIqM332,Sub 2 minute Bangers
"Oh, Heaven Isn't Real",David Karsten Daniels,Fear of Flying,2008-04-27,spotify:track:1nEj6XBakmYmHLa8gF8CAX,Sub 2 minute Bangers
Lazing On A Sunday Afternoon - Remastered 2011,Queen,Queen 40 Limited Edition Collector's Box Set,2011-01-01,spotify:track:1peXKiNfwvlQYG3VD1oBT7,Sub 2 minute Bangers
Particle Man,They Might Be Giants,Flood,1990-01-02,spotify:track:1WFCIkoc4PaN7L7SmiI85i,Sub 2 minute Bangers
Fell In Love With a Girl,The White Stripes,White Blood Cells,2001-07-03,spotify:track:21Qsj3cMVCx2xF2EVVNbEu,Sub 2 minute Bangers
Follow God,Kanye West,JESUS IS KING,2019-10-25,spotify:track:2QpGZOhTCHHiKmpSO9FW4h,Sub 2 minute Bangers
Solo (Reprise),Frank Ocean,Blonde,2016-08-20,spotify:track:2qtoRFCOEL1gRn5q9DJC7F,Sub 2 minute Bangers
Dio,Tenacious D,Tenacious D,2001-09-25,spotify:track:2zG2E6xxFdCRseX5fi3Hmr,Sub 2 minute Bangers
feel good,Tierra Whack,feel good,2020-11-18,spotify:track:3PHb2qON0JqgPfejc1vise,Sub 2 minute Bangers
Heat Waves,Glass Animals,Dreamland,2020-08-07,spotify:track:3USxtqRwSYz57Ewm6wWRMp,Sub 2 minute Bangers
Your Turn to Roll (Critical Role Theme),"Ashley Johnson, Laura Bailey, Sam Riegel",Your Turn to Roll (Critical Role Theme),2018-12-06,spotify:track:40N0Mpxe9gPmyxVQ5Zt0Mu,Sub 2 minute Bangers
Sirius,The Alan Parsons Project,Eye In The Sky (Expanded Edition),1982,spotify:track:4OV0sRTFrZLXaZZ1sS9hLn,Sub 2 minute Bangers
Rudolph The Red Nose Reindeer - Recorded at Spotify Studios,DMX,Rudolph The Red Nose Reindeer (Recorded at Spotify Studios),2020-11-30,spotify:track:53is1DHKuBWeh4Jx9ISKZp,Sub 2 minute Bangers
Grant Wasserstien,Frat Mouse,Rat Pack,2020-01-05,spotify:track:5MNIlRGjakTNuYjjOGWEYK,Sub 2 minute Bangers
Ready or Not Here I Come (Can't Hide from Love),The Delfonics,The Sound Of Sexy Soul,1969,spotify:track:5RnlUyTKgmd7V6tXdQcKVK,Sub 2 minute Bangers
zombie pop,DPR IAN,DPR ARCHIVES,2020-06-18,spotify:track:5zhMMVw097YOSvT0oDGgDV,Sub 2 minute Bangers
Prelude 12/21,AFI,DECEMBERUNDERGROUND,2006-06-06,spotify:track:6hxa24dKfCoe1EA6g0RHNw,Sub 2 minute Bangers
Cold War,The Morning Benders,Big Echo,2010-06-28,spotify:track:6IViFrpwu62Ly214zsyrdY,Sub 2 minute Bangers
Paris,$uicideboy$,Now the Moon's Rising,2015-11-20,spotify:track:6tO5bxNnMuh1c3cziSpecA,Sub 2 minute Bangers
E.N.D. - ENDIT,Scarra,Combining Forces - Chapter 2,2021-12-17,spotify:track:6Wc6p0xYscMnaQehJpLBSD,Sub 2 minute Bangers
Halfway,Magdalena Bay,Mercurial World,2021-10-08,spotify:track:79u2tjJXZwlIhOUEnjC5YZ,Sub 2 minute Bangers
Ceux qui rêvent,Pomme,À peu près,2017-10-06,spotify:track:7as88HhLbDLgobaSbJrVBs,Sub 2 minute Bangers
I've Been Drunk In Every Pub In Brisbane,The Chats,Get Fucked,2022-08-19,spotify:track:7Do1J8qmhM94tNSwD3ejxR,Sub 2 minute Bangers
Ganges a Go-Go,Dan The Automator,"Bombay The Hard Way- Guns, Cars, & Sitars",1999-03-23,spotify:track:7EJCPxhVcTrwzGqBLuTLJG,Sub 2 minute Bangers
Pin,Yeah Yeah Yeahs,Fever To Tell,2003-04-29,spotify:track:7JJSLbkldvSxxmvM9JLOt0,Sub 2 minute Bangers
A Bitch Iz A Bitch,N.W.A.,Express Yourself,1989-03-27,spotify:track:09b84uwrksszAvJwM6J28L,Problematic Artists
Love The Way You Lie,"Eminem, Rihanna",Recovery,2010-06-18,spotify:track:15JINEqzVMv3SvJTAXAKED,Problematic Artists
Kick On,Sticky Fingers,Yours to Keep,2019-02-08,spotify:track:1iEE4dBB4BPwQe8RILO7qG,Problematic Artists
Gold Digger,"Kanye West, Jamie Foxx",Late Registration,2005-08-30,spotify:track:1PS1QMdUqOal0ai3Gt7sDQ,Problematic Artists
Year Zero,Ghost,Infestissumam (Deluxe Version),2013-01-01,spotify:track:1YBf7Tq9bpcVwvnlP8YbQS,Problematic Artists
There Is Power in a Union,Billy Bragg,Talking with the Taxman About Poetry,1986,spotify:track:23ZMCzhyAclr3CslulKe39,Problematic Artists
Smooth Criminal - 2012 Remaster,Michael Jackson,Bad 25th Anniversary,2012-09-18,spotify:track:2bCQHF9gdG5BNDVuEIEnNk,Problematic Artists
Deutschland,Rammstein,Rammstein,2019-05-17,spotify:track:2bPGTMB5sFfFYQ2YvSmup0,Problematic Artists
Stranglehold,Ted Nugent,Ted Nugent,1975,spotify:track:2f0P7iELCvAlV8j6Z3rGDE,Problematic Artists
Say It,Tory Lanez,I Told You,2016-08-19,spotify:track:2Gyc6e2cLxA5hoX1NOvYnU,Problematic Artists
Trapped In the Closet Chapter 9,R. Kelly,Trapped In The Closet (Chapters 1-12) [Explicit],2005-11-08,spotify:track:2ihCkniLw6njrQijAGpV9g,Problematic Artists
Layla,Derek & The Dominos,Layla And Other Assorted Love Songs (Remastered 2010),1970-11-01,spotify:track:2kkvB3RNRzwjFdGhaUA0tz,Problematic Artists
My Ding-A-Ling,Chuck Berry,Have Mercy - His Complete Chess Recordings 1969 - 1974,2010-01-01,spotify:track:2L8mIvM1OwkJyGb3WwDFT3,Problematic Artists
Man in the Mirror,Michael Jackson,"HIStory - PAST, PRESENT AND FUTURE - BOOK I",1995-06-16,spotify:track:2u2udGmop1z67EPpr91km7,Problematic Artists
Say So,Doja Cat,Hot Pink,2019-11-07,spotify:track:3Dv1eDb0MEgF93GpLXlucZ,Problematic Artists
Forever,Chris Brown,Forever,2008-04-29,spotify:track:3NZJlJemX3mzjf56MqC5ML,Problematic Artists
Californication,Red Hot Chili Peppers,Californication (Deluxe Edition),1999-06-08,spotify:track:48UPSzbZjgc449aqz8bxox,Problematic Artists
Through The Wire,Kanye West,The College Dropout,2004-02-10,spotify:track:4mmkhcEm1Ljy1U9nwtsxUo,Problematic Artists
Lights - Bassnectar Remix - Bonus Track,"Ellie Goulding, Bassnectar",Lights,2011-01-01,spotify:track:4qxUFzBKlmP98kIRKFszju,Problematic Artists
Ignition - Remix,R. Kelly,Chocolate Factory,2003,spotify:track:5dNfHmqgr128gMY2tc5CeJ,Problematic Artists
The Drug In Me Is Reimagined,Falling In Reverse,The Drug In Me Is Reimagined,2020-02-13,spotify:track:5GIWP2q6p92lFA10KUuL0z,Problematic Artists
Suicide social,Orelsan,Le chant des sirènes,2011-09-26,spotify:track:5IZGqvPLERJ4BOHAmLrRoy,Problematic Artists
Beautiful Boy (Darling Boy) - Ultimate Mix,John Lennon,GIMME SOME TRUTH. (Deluxe),2020-10-09,spotify:track:5Sonv4VmN362mdHGCY4wyZ,Problematic Artists
Flashing Lights,"Kanye West, Dwele",Graduation,2007-09-11,spotify:track:5TRPicyLGbAF2LGBFbHGvO,Problematic Artists
L'homme pressé,Noir Désir,666.667 Club,1996-01-01,spotify:track:637T4loKlXPwfUdQVZjPTV,Problematic Artists
Rich Men North of Richmond,Oliver Anthony Music,Rich Men North of Richmond,2023-08-11,spotify:track:78Du4CMFgnhdlG33gblkiP,Problematic Artists
"30,000 Feet",Ben Rector,Brand New,2015-08-28,spotify:track:0KF5nzdiqZlxVK68MPITst,Sell me on an album
Raise Your Banner,"Within Temptation, Anders Friden",Resist (Extended Deluxe),2019-02-01,spotify:track:0lNhWQBiA483reJSVovSWF,Sell me on an album
This Year,The Mountain Goats,The Sunset Tree,2005-04-25,spotify:track:0s9aeZriwqyBYfxFzsd20R,Sell me on an album
Hey Wanhaka,King Stingray,King Stingray,2022-08-05,spotify:track:15LLZBltYNuDnscTXjElTh,Sell me on an album
Auntie Diaries,Kendrick Lamar,Mr. Morale & The Big Steppers,2022-05-13,spotify:track:19Fg3WrTfo35Ji3PtfZE6J,Sell me on an album
Over The River Charlie,Kacy & Clayton,Strange Country,2016-05-06,spotify:track:1jDkUogzsola0nUtOLt4qr,Sell me on an album
Badfish,Sublime,40oz. To Freedom,1992-06-01,spotify:track:2fXLhLA7cPYEmQ1NbeAtBD,Sell me on an album
The Men That Drive Me Places,Ben Rector,Brand New,2015-08-28,spotify:track:3APS8tcJbI9zftvAziDmQz,Sell me on an album
TAOS,Menomena,Mines,2010,spotify:track:3vbXPad6NWHzI05h5dymc5,Sell me on an album
Paprika,Japanese Breakfast,Jubilee,2021-06-04,spotify:track:3zyqphgXvgHe436IMKeey3,Sell me on an album
Brunswick Stew,Kacy & Clayton,Strange Country,2016-05-06,spotify:track:4ix55gFGJIe9LAKala9BXQ,Sell me on an album
Dance Music,The Mountain Goats,The Sunset Tree,2005-04-25,spotify:track:4mn30l2lxnohEGT3goNzUR,Sell me on an album
1 0 0 . m i l ‘ (with Bas),"J. Cole, Bas",The Off-Season,2021-05-14,spotify:track:4n6NDfYake476trCjJRNl0,Sell me on an album
Shhhh! Golf is On,Hot Mulligan,Why Would I Watch,2023-05-12,spotify:track:5r7vuSx8Z7j4dK9I4Q6wch,Sell me on an album
Endless War,Within Temptation,Resist (Extended Deluxe),2019-02-01,spotify:track:5uDWqYSiWqWTXK9CbAKIA8,Sell me on an album
The Sound Of Muzak - Remastered,Porcupine Tree,In Absentia (Deluxe - Remastered),2002,spotify:track:5wPG1PqrvFbHOXsoUJZ76U,Sell me on an album
Ride,"Baker Boy, Yirrmal",Gela,2021-10-15,spotify:track:5XwYtI7OtrGzFd9Jw7ACKa,Sell me on an album
White Braids & Pillow Chair,Red Hot Chili Peppers,Unlimited Love,2022-04-01,spotify:track:62MNMZaNTYWqjsD0Isce0l,Sell me on an album
No Shoes in the Coffee Shop (Or Socks),Hot Mulligan,Why Would I Watch,2023-05-12,spotify:track:67BoLcQZhPok0yVe9J0Br8,Sell me on an album
Get Your Wish,Porter Robinson,Nurture,2021-04-23,spotify:track:6aUfT9QOcTHhxLNrf1aVR8,Sell me on an album
Paraiso,SOIL & “PIMP” SESSIONS,6,2010-04-26,spotify:track:6EtRgApidRLma7MckIQg5J,Sell me on an album
New Country,Racing Glaciers,Ahead Of You Forever,2014-02-02,spotify:track:6F7PAYE2I9oKwzKE5DPWm1,Sell me on an album
Corinne,Metronomy,The English Riviera,2011-04-11,spotify:track:6guXQ9rHmOofkqp8uHYO8r,Sell me on an album
What A Wonderful Man,My Morning Jacket,Z,2005-10-04,spotify:track:6sICylTFKeiplGHltWnJ1k,Sell me on an album
DUST,HÆLOS,Full Circle,2016-03-18,spotify:track:7AHaKrKuhzpl4xK0r2Jd9g,Sell me on an album
Wandering Star,Portishead,Dummy,1994-01-01,spotify:track:7h14W1uQK7sjpVI1oVTobt,Sell me on an album
Don't You Want Me,"Bahamas, The Weather Station",The Secret Life Of Walter Mitty (Music From And Inspired By The Motion Picture),2013-01-01,spotify:track:0bmDpMruiJpzV5eQ92W0Lq,Favorite Duet
Smooth (feat. Rob Thomas),"Santana, Rob Thomas",Supernatural (Remastered),1999-06-15,spotify:track:0n2SEXB2qoRQg171q7XqeW,Favorite Duet
Tamacun (live),Rodrigo y Gabriela,Live In France,2011-07-19,spotify:track:0uieS3YMFDg3jmCAkoXBQJ,Favorite Duet
Cruisin' - Single Edit,"Huey Lewis, Gwyneth Paltrow",Greatest Hits: Huey Lewis And The News,2006-01-01,spotify:track:1A8OrMrc15qpXp5MuOfvG2,Favorite Duet
I Wanna Be Sedated,Tim Timebomb,I Wanna Be Sedated,2013-08-27,spotify:track:1cEQ3OYNFdX6kaTXyuOakL,Favorite Duet
"Something Stupid (From ""Better Call Saul"")",Lola Marsh,"Something Stupid (From ""Better Call Saul"")",2018-10-05,spotify:track:29EdNlJQqStWhNkSGpkuFQ,Favorite Duet
Promiscuous,"Nelly Furtado, Timbaland",Loose,2006-01-01,spotify:track:2gam98EZKrF9XuOkU13ApN,Favorite Duet
Savages,"Jonathan Young, Caleb Hyles",VILLAINS,2019-01-01,spotify:track:2GBA92Di8qSgHae8k73hur,Favorite Duet
Danger! High Voltage - Soulchild Radio Mix,Electric Six,Fire,2003-05-19,spotify:track:2VHfyWLlvCvbkIqtS5tqt3,Favorite Duet
I Love You 3000 II,"88rising, Stephanie Poetri, Jackson Wang",Head In The Clouds II,2019-10-11,spotify:track:3witRpHWHqArlnt6GTlH2Y,Favorite Duet
Welcome Home,Coheed and Cambria,Good Apollo I'm Burning Star IV Volume One: From Fear Through The Eyes Of Madness,2005-01-15,spotify:track:42GP0xKtkolBnmqQRvSllO,Favorite Duet
Dino's,"Gordi, Alex Lahey",Dino's,2021-02-12,spotify:track:45Q4nigFbMgJiif53Fj0am,Favorite Duet
"Come What May - From ""Moulin Rouge"" Soundtrack","Nicole Kidman, Ewan McGregor",Moulin Rouge,2001-01-01,spotify:track:5cCAnk1sHJDdqqNIScOkZU,Favorite Duet
Chaiyya Chaiyya,"Sukhwinder Singh, Sapna Awasthi",Dil Se (Original Motion Picture Soundtrack),1998-07-08,spotify:track:5H4rKylLnO8KrmdXTRhj5s,Favorite Duet
RNP (feat. Anderson .Paak),"Cordae, Anderson .Paak",The Lost Boy,2019-07-26,spotify:track:5lw8Mgb4LyhriPIC86gV6e,Favorite Duet
Home (2019 Remaster),Edward Sharpe & The Magnetic Zeros,Up From Below - 10th Anniversary Edition,2009-07-07,spotify:track:5uGXVcOINWmyUzpz0lKq7m,Favorite Duet
Turn Me Good (feat. Jazzy Amra) - Jazzy Remix,"Wyclef Jean, Jazzy Amra",Carnival III: The Fall and Rise of a Refugee (Deluxe Edition),2017-11-03,spotify:track:5vTjZU4d1pfDHU28w02DHB,Favorite Duet
Blowin' in the Wind,"Peter, Paul and Mary",In the Wind,1963,spotify:track:62Yu8QL1g9pdbvN4XL9Rah,Favorite Duet
How Not To Drown,"CHVRCHES, Robert Smith",Screen Violence,2021-08-27,spotify:track:67REFqZvdnH9ns87W1uCWs,Favorite Duet
Coffee - Main,"Aesop Rock, John Darnielle","Coffee 12""",2007-08-07,spotify:track:69Fj8x6fsgZOCtgzohbMsk,Favorite Duet
Islands In the Stream,"Dolly Parton, Kenny Rogers",Greatest Hits,1982-10-04,spotify:track:6dnco8haegnJYtylV26cBq,Favorite Duet
Falling Slowly,"Glen Hansard, Markéta Irglová",Music From The Motion Picture Once,2007-05-22,spotify:track:6EIVLz5xM1xE29r0OmIkWt,Favorite Duet
Hate Me (with Juice WRLD),"Ellie Goulding, Juice WRLD",Hate Me (with Juice WRLD),2019-06-26,spotify:track:6kls8cSlUyHW2BUOkDJIZE,Favorite Duet
Manhattan-Kaboul,"Renaud, Axelle Red",Boucan d'enfer,2002-05-27,spotify:track:6lvkgqpLRNlF0Re01WX8dZ,Favorite Duet
Cecilia,Simon & Garfunkel,Bridge Over Troubled Water,1970-01-26,spotify:track:6QhXQOpyYvbpdbyjgAqKdY,Favorite Duet
Sous le vent,"Garou, Céline Dion",Seul,2000-11-06,spotify:track:6VZB0ttlqGjpGMAcaomXh9,Favorite Duet
Lay All Your Love On Me - From 'Mamma Mia!' Original Motion Picture Soundtrack,"Dominic Cooper, Amanda Seyfried",Mamma Mia! The Movie Soundtrack,2008-01-01,spotify:track:74wySERHHxB8Ul9A0CNBla,Favorite Duet
Ain't No Mountain High Enough,"Marvin Gaye, Tammi Terrell",United,1967-08-29,spotify:track:7tqhbajSfrz2F7E1Z75ASX,Favorite Duet
New England,Jonathan Richman & The Modern Lovers,Roadrunner: The Beserkley Collection,2004-07-19,spotify:track:0C0mLoKKKfRtx30zYmDAdW,Traveler's Pinboard
Doin' Time,Lana Del Rey,Norman Fucking Rockwell!,2019-08-30,spotify:track:0Oqc0kKFsQ6MhFOLBNZIGX,Traveler's Pinboard
London Is the Place for Me,Edmundo Ros,The Latin Rhythms of Edmundo Ros,1950-03-03,spotify:track:19ooB0O1oNEKBvarkE3Ymq,Traveler's Pinboard
Schwarz zu blau,Peter Fox,Stadtaffe,2008-09-26,spotify:track:1Fjz0ME9pzk553wH86m3ZZ,Traveler's Pinboard
Sweet Home Chicago,The Blues Brothers,The Blues Brothers Original Motion Picture Soundtrack,1980,spotify:track:1OJO3vsGqwbIQuLPGeY2Sb,Traveler's Pinboard
Beverly Hills,Weezer,Make Believe,2005-05-10,spotify:track:1yKu2MhpwzDXXH2tzG6xoa,Traveler's Pinboard
Fire in Cairo - 2005 Remaster,The Cure,Three Imaginary Boys (Deluxe Edition),1979-05-11,spotify:track:2kSRY5KlaamLk1w787JVJc,Traveler's Pinboard
Sedona,Houndmouth,Little Neon Limelight,2015-03-17,spotify:track:2MQhTbX792AT6YyzwLz9dt,Traveler's Pinboard
Across 110th Street,Bobby Womack,Midnight Mover: The Bobby Womack Story,1993-01-01,spotify:track:2zyTP97uGsIc1C4KNNEkyn,Traveler's Pinboard
Dark City,Machinae Supremacy,The Beat Of Our Decay,2011-03-28,spotify:track:39oHziYEVfcel1mxIN2QuJ,Traveler's Pinboard
Strawberry Fields Forever - Remastered 2009,The Beatles,Magical Mystery Tour (Remastered),1967-11-27,spotify:track:3Am0IbOxmvlSXro7N5iSfZ,Traveler's Pinboard
Kyoto (feat. Sirah),"Skrillex, Sirah",Bangarang EP,2011-12-27,spotify:track:3FUZpoj9VV0sgc8RqbS3xQ,Traveler's Pinboard
To Live & Die In L.A.,2Pac,Greatest Hits,1998-01-01,spotify:track:3ivJymJnoceuUUe7wTP6m4,Traveler's Pinboard
HOT WIND BLOWS (feat. Lil Wayne),"Tyler, The Creator, Lil Wayne",CALL ME IF YOU GET LOST,2021-06-25,spotify:track:3JJL91ilRV6fXhKqu0FGXs,Traveler's Pinboard
End of Beginning,Djo,DECIDE,2022-09-16,spotify:track:3qhlB30KknSejmIvZZLjOD,Traveler's Pinboard
San Francisco,Michael Marshall,Grown & Sexy,2018-11-22,spotify:track:4bRzKkSqseDpUoqwMzO6fr,Traveler's Pinboard
Paris,Magic Man,Before the Waves,2014-07-08,spotify:track:4EaO2XR7gWaHq8DW7nu1iY,Traveler's Pinboard
Alaska,Maggie Rogers,Heard It In A Past Life,2019-01-18,spotify:track:4HfLQJtVT1KiX1eVedDyTm,Traveler's Pinboard
Rome,Phoenix,Wolfgang Amadeus Phoenix,2009-05-25,spotify:track:4tJSZDRhpy61FIgduRVrJt,Traveler's Pinboard
Clarkson,Sly Withers,Gardens,2021-06-11,spotify:track:4vnlMcxPWvjMV2A5Gl8AY3,Traveler's Pinboard
A Horse with No Name,"America, George Martin",America,1972,spotify:track:54eZmuggBFJbV7k248bTTt,Traveler's Pinboard
Respiration,"Black Star, Common",Mos Def & Talib Kweli Are Black Star,1998-09-29,spotify:track:5mxVKAuunOKqcBfR5ivbRf,Traveler's Pinboard
Rhode Island,The Weekend Run Club,Zoo,2020-01-31,spotify:track:5oJc6FmVeeGBvLr5Zbze0w,Traveler's Pinboard
Santiano,Hugues Aufray,Santiano,1990-01-01,spotify:track:5xacwJHf9yLJKCn5JjSiRz,Traveler's Pinboard
Japan,The Lonely Island,Turtleneck & Chain (Explicit Version),2011-01-01,spotify:track:62CfIeX8B6AgWft6Ty1lO9,Traveler's Pinboard
Everest,Public Service Broadcasting,Inform - Educate - Entertain,2013-05-06,spotify:track:6NorO8SVLXBm6Dd9gC8QhF,Traveler's Pinboard
California,Grimes,Art Angels,2015-11-06,spotify:track:6PY49R5SjxYDiOMFQj7Gsq,Traveler's Pinboard
Pimpin' All Over The World,"Ludacris, Bobby V.",The Red Light District,2004-01-01,spotify:track:6VixoRqnikN4QqegoKUSbH,Traveler's Pinboard
Dua Lipa,Jack Harlow,Come Home The Kids Miss You,2022-05-06,spotify:track:0LnS7aOdOdI1dNKZqdOLz4,Name Checks
Killshot,Eminem,Killshot,2018-09-19,spotify:track:1jo3TwNGCXfNdB5uba3ZVv,Name Checks
Like Dylan In The Movies,Belle and Sebastian,If You're Feeling Sinister,1998-02-02,spotify:track:2AXuXJT9Rg6SxlGh2lIGsP,Name Checks
Susanne - Single Version,Weezer,Weezer,2004-05-10,spotify:track:2DtrDa3n69HosKuOGCG0rR,Name Checks
Jules Quesnel,Shimmertraps,LOOK!,2020-06-19,spotify:track:2oajjeidKvcwU8c92oERmP,Name Checks
Cleopatra,The Lumineers,Cleopatra,2016-04-08,spotify:track:2ToW7zhGCrVrLU4fiKj9U1,Name Checks
We Didn't Start the Fire,Billy Joel,The Essential Billy Joel,2001-10-02,spotify:track:38bDGWuyYdSdNfrFfbCiVS,Name Checks
Slow Jamz,"Twista, Kanye West, Jamie Foxx",The College Dropout,2004-02-10,spotify:track:3A4cpTBPaIQdtPFb5JxtaX,Name Checks
Meet James Ensor,They Might Be Giants,John Henry,1994-08-23,spotify:track:3DU4uGs8ffjXMxcK7b4OrA,Name Checks
Riptide,Vance Joy,Dream Your Life Away (Special Edition),2014-09-09,spotify:track:3JvrhDOgAt6p7K8mDyZwRd,Name Checks
Miss Maggie,Renaud,Mistral gagnant,1985-11-30,spotify:track:3mrD89s4Ua9IS3Aw5kxMU7,Name Checks
Let The Smokers Shine The Coupes,Pusha T,It's Almost Dry,2022-04-22,spotify:track:3XyNi4ARXWBgzeDFKoJPqy,Name Checks
RAP DEVIL,Machine Gun Kelly,BINGE,2018-09-21,spotify:track:43TP6JCWXgkc2D7Xjz5hBr,Name Checks
Chris Farley,Hilltop Hoods,State Of The Art,2009-01-01,spotify:track:4KHFJKplO38iUq1utJ4pQl,Name Checks
Alejandro,Lady Gaga,The Fame Monster (Deluxe Edition),2009-08-05,spotify:track:4lwavw59UjXUPJZtKNdFYp,Name Checks
Song for Dan Treacy,MGMT,Congratulations,2010-04-09,spotify:track:4SjbThOBAifCj4cBAI12T1,Name Checks
Every Girl,Allah-Las,Worship the Sun,2014-09-15,spotify:track:55z3CvHavGqZPEoaoNo7Ty,Name Checks
1985,Bowling For Soup,A Hangover You Don't Deserve,2004,spotify:track:5oQcOu1omDykbIPSdSQQNJ,Name Checks
Uma Thurman,Fall Out Boy,American Beauty/American Psycho,2015-01-20,spotify:track:5PUawWFG1oIS2NwEcyHaCr,Name Checks
Minnesota Girls,The Shackletons,Second Attempt,2017-12-25,spotify:track:5rBQhNwC1YSn7Zr9MCBVx3,Name Checks
ave cesaria,Stromae,racine carrée,2013-01-01,spotify:track:66u6ycRUqlrW9C05QJUmSo,Name Checks
BOY BYE,BROCKHAMPTON,GINGER,2019-08-23,spotify:track:6e7hIhOLH9zvb3zP5O5gt0,Name Checks
The Black Brad Pitt,"Evil Nine, Danny Brown",Bromance #Special: The Black Brad Pitt - Single,2012-08-20,spotify:track:6hpUqttHuTM815VfGdSR6L,Name Checks
For Elise,Saint Motel,saintmotelevision,2016-10-21,spotify:track:6i40XRqEwHAnSxwZWasMRp,Name Checks
Poster Child,Red Hot Chili Peppers,Unlimited Love,2022-04-01,spotify:track:6LwwlI0IvFTN6DRUDdkkT8,Name Checks
Genghis Khan,Miike Snow,iii,2016-03-04,spotify:track:6MDijuuArPJv1vbp7K1x3f,Name Checks
Colin,Lime Cordiale,Colin,2022-11-23,spotify:track:6QiWtxs1JaZqD0IONUOBst,Name Checks
Randall Collins,Norman Blake,Back Home In Sulphur Springs,1972-01-01,spotify:track:72oaFIAqlK7N7a8cyHZZ3i,Name Checks
Drugs,UPSAHL,Drugs,2019-01-18,spotify:track:06ioYJ99HHjzRk8HrGfkKS,Instant Fandom
Shark Smile,Big Thief,Capacity,2017-06-09,spotify:track:0Fc0vCE3yWvAGKbU5twVOz,Instant Fandom
Cockroach King,Haken,The Mountain,2013-09-17,spotify:track:0J1CIpL8IuUf0OyijwkMFj,Instant Fandom
Chaise Longue,Wet Leg,Wet Leg,2022-04-08,spotify:track:0nys6GusuHnjSYLW0PYYb7,Instant Fandom
Invisible,MonoNeon,Invisible,2020-11-01,spotify:track:1hRAq4P1FKNHLyFGUk7cLf,Instant Fandom
Surrender,The Smith Street Band,Throw Me In The River,2014-10-31,spotify:track:1sKyIsaXvyO93UANNEQ2UU,Instant Fandom
Saturn,Sleeping At Last,"Astronomy, Vol. 1",2020-05-01,spotify:track:1vG5t1ZJxlMNo0VqSuPMzb,Instant Fandom
Hang Tan,Toubab Krewe,Toubab Krewe,2005-01-01,spotify:track:2uRKV1gBNv6qdpDqr0aGJh,Instant Fandom
Tank!,SEATBELTS,COWBOY BEBOP (Original Motion Picture Soundtrack),1998-05-21,spotify:track:2Wi5ubKr8zSk8L3CLemyS4,Instant Fandom
Heaven's Here on Earth,Tracy Chapman,New Beginning,1995-10-31,spotify:track:327yGshtQlY2EER4LUAUBh,Instant Fandom
Red Sky,Moon Hooch,Red Sky,2016-06-10,spotify:track:3aATgCHilZcGav6LUdR42g,Instant Fandom
Gina Works At Hearts,DZ Deathrays,Black Rat,2014-05-02,spotify:track:3kq7FM2Ot4S1y4Gh5IPpii,Instant Fandom
Asshole,Clavicule,Garage Is Dead,2020-06-12,spotify:track:3WdRcyPUkl0oiaGd3eXieY,Instant Fandom
Back Breaker,Hit The Lights,"Skip School, Start Fights",2008-07-08,spotify:track:3y5fhy4N0u1N1vesrJYVVf,Instant Fandom
West Coast Love,Emotional Oranges,The Juice: Vol. II,2019-11-08,spotify:track:4NFD9ea0uH0MtoC30yNYE1,Instant Fandom
Prayer Of The Refugee,Rise Against,The Sufferer & The Witness,2006-01-01,spotify:track:4OSbctVD37ycS0H3rwRm72,Instant Fandom
Quiet Little Voices,We Were Promised Jetpacks,These Four Walls,2009-06-15,spotify:track:4TQJGu7KoqOFvjvopA8fx2,Instant Fandom
Tadow,"Masego, FKJ",Lady Lady,2018-09-07,spotify:track:51rPRW8NjxZoWPPjnRGzHw,Instant Fandom
Bad Habit,Your Smith,Bad Habit,2018-07-27,spotify:track:5AO04RAJSZ1J1Bt5CK1TGG,Instant Fandom
Night Light,The Rions,Night Light,2021-04-09,spotify:track:5g4VW1FmFDXixu1VEiHAVz,Instant Fandom
The Diary of Jane - Single Version,Breaking Benjamin,Phobia (Explicit Version),2006-01-01,spotify:track:5pvJ59i7JxylN8VB24xdMs,Instant Fandom
"The Deepest Sighs, the Frankest Shadows",Gang of Youths,Go Farther In Lightness,2017-08-18,spotify:track:5Q5o0jX8RwrHRdLYQkg6BA,Instant Fandom
The Adults Are Talking,The Strokes,The New Abnormal,2020-04-10,spotify:track:5ruzrDWcT0vuJIOMW7gMnW,Instant Fandom
Me Gustas Tu,Manu Chao,Próxima Estación: Esperanza,2001-06-01,spotify:track:6b37xrsNCWYIUphFBazqD6,Instant Fandom
Whispers in the Dark,Skillet,Comatose,2006-10-03,spotify:track:6rSuL1ViLO7Aljn2WD09s4,Instant Fandom
Dreams Tonite,Alvvays,Antisocialites,2017-09-08,spotify:track:6TcxxINfeaBEQ35sHMldTD,Instant Fandom
Tournent les violons,Jean-Jacques Goldman,Chansons pour les pieds,2001-11-19,spotify:track:6YsoI20XTe9ko9fpXJXNzZ,Instant Fandom
Little Weapon (feat. Bishop G & Nikki Jean),"Lupe Fiasco, Bishop G, Nikki Jean",Lupe Fiasco's The Cool,2007-01-01,spotify:track:7sb2qiE0af4NggQPa5FkYY,Instant Fandom
