Track Name,Artist(s),Album,Release Date,Track URI
California Kids,Weezer,Weezer (White Album),2016-04-01,spotify:track:0UbS4oWIo2nUXeTxsvFaN1
The Rubberband Man,The Spinners,The Rubberband Man / Now That We're Together,1976,spotify:track:13Mzsb8VzRSZ5w3pM48cn6
Out Here All Night,Damone,Out Here All Night,2006-01-01,spotify:track:18cf7hEn3BeBBgi0174WZq
Bummerland,AJR,OK ORCHESTRA,2021-03-26,spotify:track:1N2gWqKHFtPSZ0zgoCr8WK
Chillin' On The Beach With My Best Friend Jesus Christ,Susto,Chillin' On The Beach With My Best Friend Jesus Christ,2016-06-24,spotify:track:1T24yhUxN8xnqowrAZ0JqE
Hot Fun in the Summertime,Sly & The Family Stone,Greatest Hits,1970-11-21,spotify:track:4t6NQkpUmvpvLDCkl3XuwA
oh baby,LCD Soundsystem,american dream,2017-09-01,spotify:track:53PkA8aXiwH4ppa0V0iO7o
Dynamite,BTS,BE,2020-11-20,spotify:track:5QDLhrAOJJdNAmCTJ8xMyW
The Hermit,Twin Suns,The Suns Up,2021-08-23,spotify:track:5XocfciljGsKtRT2JDgWdZ
Getaway,"Earth, Wind & Fire",Spirit,1976-09,spotify:track:67J6NR2Tdl0h2epWHcCBBN
Summer,Calvin Harris,Motion,2014-10-31,spotify:track:6YUTL4dYpB9xZO5qExPf05
Pablo,Saib,Buena Vista,2017-03-10,spotify:track:00AiyOJFuhxqwsUDS5Cxsy
Raining Tacos,Parry Gripp,Parry Gripp Mega-Party (2008 - 2012),2013-02-26,spotify:track:01apQz7E72krU1k1b4VWs7
Toy Blues,Taisei Iwasaki,TVアニメ「血界戦線」オリジナル・サウンドトラック,2015-07-15,spotify:track:0E0AId0ucTBt52PmKfyar9
Krusty Krab - Trap Remix,Trap Remix Guys,Krusty Krab (Trap Remix),2018-10-01,spotify:track:0gFWBzm1hqmq5fmAGcYd8r
Wax Simulacra,The Mars Volta,The Bedlam in Goliath,2008-01-01,spotify:track:0h15E41qCgeFxEO10Tzyfa
Raconte-Moi Une Histoire,M83,"Hurry Up, We're Dreaming",2011,spotify:track:0SeMmdPt7Ksu1fIAgnPIOG
Stadium Rave,Spongebob Squarepants,SpongeBob's Greatest Hits,2009-07-14,spotify:track:1Ef6RP9JhfkACpYhpLCmFZ
My Own Drum,Ducky,It's Gonna Be Great,2021-12-01,spotify:track:1FtjOSq5IgaLrwh3ylBylN
The Prawn Song,Superorganism,Superorganism,2018-03-02,spotify:track:26xgsmehYgIfX0vnKVN8GD
Knee 1,Philip Glass Ensemble,Glass: Einstein on the Beach,1993-09-28,spotify:track:29rZwcOH5g59wkMKe1N0zv
Lovely City,Calum Bowen,Lovely Planet (Original Game Soundtrack),2014-07-31,spotify:track:2JpSBwBn7pazsn6IgjPYhv
Muffin Man,"Frank Zappa, Captain Beefheart, The Mothers",Bongo Fury (Live),1975-10-02,spotify:track:2KfjGQ3MjL1PlRsf2xUH5s
Cocaine Lion,Ball Park Music,Puddinghead,2014-04-04,spotify:track:3kBN2OQLL4vrQgkMwRdl7q
Cookin By The Book,"Chris Allen Hess, Rian Cunningham, K Enagonio",Cookin By The Book,2019-01-10,spotify:track:4ck3rXiunMCSpFclG6gMq6
Ring Ring (with Rvssian feat. Clever),"Juice WRLD, Rvssian, Clever",Death Race For Love (Bonus Track Version),2019-03-08,spotify:track:4UBKe75v9DYcehHirq4ot4
Drugs,Falling In Reverse,Drugs,2019-04-08,spotify:track:5BkCDt5w0WOGgBgDC7T39i
Meditjin,"Baker Boy, JessB",Gela,2021-10-15,spotify:track:5mHA6UCBRsgjWPRDmZQ8uO
Half Of It,"Abraxis, Seven Lions, Dimibo",Half Of It,2020-06-12,spotify:track:5qjj4GCSAEbnuqPGrWsNpT
Baby Shark,Pinkfong,Pinkfong Animal Songs,2017-07-27,spotify:track:5ygDXis42ncn6kYG14lEVG
Cocaine Country Dancing - Electrophunck Remix,"Paul Cauthen, Electrophunck",Cocaine Country Dancing (Electrophunck Remix),2020-05-15,spotify:track:63tffuSUDBjv3sdTDSTm1w
Tally-Ho,Psychedelic Porn Crumpets,SHYGA! The Sunlight Mound,2021-02-05,spotify:track:63Z34FsBrJyA9oDIrYyDNH
Turn Down for What,"DJ Snake, Lil Jon",Turn Down for What,2013-12-18,spotify:track:67awxiNHNyjMXhVgsHuIrs
We Are Family,The Chipmunks & The Chipettes,Alvin and the Chipmunks: The Squeakquel (Original Motion Picture Soundtrack),2009-12-01,spotify:track:67tpYaBDOoGmkW3s9w8b98
The Flute Tune - Soulpride Remix,"Jaycut, Kolt Siewerts, Soulpride",The Flute Tune (Soulpride Remix),2019-02-01,spotify:track:6FO7xjaaOBT9RDa0GDlyxr
Kickstart My Heart,Mötley Crüe,Dr. Feelgood (Deluxe Version),1989-09-01,spotify:track:6imjJij6aCM0IbbODUzJQn
Crimson Wave,Tacocat,NVM,2014-02-25,spotify:track:6ixncUHZXJpLWbej9oOms2
High You Are,"What So Not, Branchez",High You Are (Remixes),2013-10-08,spotify:track:6zpCJDhdpHPZCcFCJZDqX5
Pete the Cat and His White Shoes (Story Song),Mr. Eric,The Big Silly with Mr.Eric,2006-01-01,spotify:track:7IzUX2HLnUIqE3OKRSp1nz
Run Away With Me,Carly Rae Jepsen,Emotion (Deluxe Expanded Edition),2015,spotify:track:0FS7B5o3QyvOD8eWjnbLoO
Midnight Driving,Teenage Dads,Midnight Driving,2023-03-03,spotify:track:0O5BTCiNRC47cLA4i7VusN
In the Backseat,Arcade Fire,Funeral,2004-06-16,spotify:track:0O8Ymlu03OqEX5XU5p8Rw3
The Night We Met,Lord Huron,Strange Trails,2015-04-07,spotify:track:0QZ5yyl6B6utIWkxeBDxQN
Redbone,Childish Gambino,"""Awaken, My Love!""",2016-12-02,spotify:track:0WtDGnWL2KrMCk0mI1Gpwz
Echoes,God Is An Astronaut,God Is an Astronaut (2011 Remastered Edition),2011-12-16,spotify:track:1ByMzOtB8qLyZM2xDfhEMK
Midnight City,M83,"Hurry Up, We're Dreaming",2011,spotify:track:1eyzqe2QqGZUmfcPZtrIyt
Weight in Gold,Gallant,Ology,2016-05-04,spotify:track:1gXBi2I04CLJkTQnhNfEJT
Goin' Against Your Mind,Built To Spill,You in Reverse,2006-04-10,spotify:track:1rxz8AseGxCsYQDHyg4scv
What Once Was,Her's,Songs of Her's,2017-05-12,spotify:track:1XrSjpNe49IiygZfzb74pk
Night Shift,Lucy Dacus,Historian,2018-03-02,spotify:track:1yYlpGuBiRRf33e1gY61bN
Tiny Foldable Cities,Orbital,Monsters Exist (Deluxe),2018-09-14,spotify:track:1zBsc3zoU1jvy1dfQzFIOC
bad guy,Billie Eilish,"WHEN WE ALL FALL ASLEEP, WHERE DO WE GO?",2019-03-29,spotify:track:2Fxmhks0bxGSBdJ92vM42m
How I Get Myself Killed,Indigo De Souza,I Love My Mom,2018-06-08,spotify:track:2Kj95VOpBEJzBFNzwirZwU
Thriller,Michael Jackson,Thriller,1982-11-30,spotify:track:2LlQb7Uoj1kKyGhlkBf9aC
Do It Again,Steely Dan,Can't Buy A Thrill,1972-11-01,spotify:track:2LXISHBkx8FyoxCBkckh19
Slide,"H.E.R., YG",Slide,2019-09-27,spotify:track:2rTnVB1bvwxHtaIl4uVu7f
Low Place Like Home,Sneaker Pimps,Becoming X,1996-08-18,spotify:track:2vzBdrNR58hYA2exmt4bG6
I Will Follow You into the Dark,Death Cab for Cutie,Plans,2005-08-29,spotify:track:3kZC0ZmFWrEHdUCmUqlvgZ
Drive,The Cars,Heartbeat City,1984-03-13,spotify:track:3wfujdbamR3Z46F4xav7LM
Nice Weather for Ducks,Lemon Jelly,Lost Horizons,2003-07-21,spotify:track:3z24ayp6vSCkN6btftwyet
Find Our Way - Night Drive Edit,"Midnight Kids, klei",Find Our Way (Remixes),2019-01-25,spotify:track:49rrPHxp0944ZLgAi7XfY8
Stars In My Eyes,Ball Park Music,Weirder & Weirder,2022-05-27,spotify:track:4HijdD89b0q3Z0zWKL7FVo
Stobart's Blues,I Monster,Neveroddoreven,2005-01-27,spotify:track:4N01iMNxCg1BSFyoyqj2tz
Los Angeles,"Robotaki, Maiah Manser",The Grand Mirage,2020-03-27,spotify:track:5DfHG17Xoqn08NP8SINsiP
Life is a Highway,Rascal Flatts,Cars (Original Motion Picture Soundtrack),2006-01-01,spotify:track:5gB2IrxOCX2j9bMnHKP38i
Fumes,"EDEN, gnash",i think you think too much of me,2016-08-19,spotify:track:7fJALFBexDXzu0QdatF5O4
Starboy,"The Weeknd, Daft Punk",Starboy,2016-11-25,spotify:track:7MXVkk9YMctZqd1Srtv4MB
Right Back Where We Started From,Maxine Nightingale,Right Back Where We Started From,2019-06-14,spotify:track:00s8dO3RWrFkBqC9JIy6ag
What's Up?,4 Non Blondes,"Bigger, Better, Faster, More !",1992-01-01,spotify:track:0jWgAnTrNZmOGmqgvHhZEm
Untouched,The Veronicas,Hook Me Up,2007-10-30,spotify:track:0KlahhzNb98zyN83Vwae0l
Dreams - 2004 Remaster,Fleetwood Mac,Rumours (Super Deluxe),1977-02-04,spotify:track:0ofHAoxe9vBkTCp2UQIavz
The Passenger,Iggy Pop,Lust For Life,1977-08-29,spotify:track:15BQ7vEDv2LJuh8TxWIhtd
"Take Me Home, Country Roads",John Denver,"The John Denver Collection, Vol 1: Take Me Home Country Roads",1997-06-17,spotify:track:1QbOvACeYanja5pbnJbAmk
You! Me! Dancing!,Los Campesinos!,"Hold On Now, Youngster",2008-04-01,spotify:track:1t0RvoSeybgrk55g9lwC4Z
Earth Rocker,Clutch,Earth Rocker,2013-03-19,spotify:track:26vGXL80873wfoGhBGpFSn
Daydream,The Aces,Under My Influence,2020-07-17,spotify:track:26ZCR1Zd74fvBJvH1o1rbx
Little Talks,Of Monsters and Men,My Head Is An Animal,2012-01-01,spotify:track:2ihCaVdNZmnHZWt0fvAM7B
Twilight Driving,Methyl Ethel,Oh Inhuman Spectacle,2015-06-05,spotify:track:2m1rzgZJtee2j5WjfwgSNc
Ride,Twenty One Pilots,Blurryface,2015-05-15,spotify:track:2Z8WuEywRWYTKe1NybPQEW
Carolina Rolling By,Mipso,Carolina Rolling By,2023-06-09,spotify:track:3KPbfMIQy43Wc9XbhmaIFy
One Of Us Is The Killer,The Dillinger Escape Plan,One Of Us Is The Killer,2013-05-14,spotify:track:3kRf43EgjlDAGt2TQ7M459
Walk of Life,Dire Straits,Brothers in Arms,1985-05-13,spotify:track:423o3ZHIaBtGXyhF1uH41a
Semi-Charmed Life,Third Eye Blind,Third Eye Blind,1997-04-08,spotify:track:42et6fnHCw1HIPSrdPprMl
Radar Love,Golden Earring,The Long Versions - Part One,2008-10-22,spotify:track:4Zau4QvgyxWiWQ5KQrwL43
Watercolour - Full Version; Single,Pendulum,Immersion,2010-05-21,spotify:track:5ami95W9OOWQPwrBb5tud5
Life is a Highway,Rascal Flatts,Cars (Original Motion Picture Soundtrack),2006-01-01,spotify:track:5gB2IrxOCX2j9bMnHKP38i
Road to Nowhere,Talking Heads,Little Creatures,1985-07-10,spotify:track:5gS8whHdcpbkdz0qonQZF8
Feels Great (feat. Fetty Wap & CVBZ),"Cheat Codes, Fetty Wap, CVBZ",Feels Great (feat. Fetty Wap & CVBZ),2017-10-12,spotify:track:5uu28fUesZMl89lf9CLrgN
Go!,Public Service Broadcasting,The Race For Space,2014,spotify:track:5xYZXIgVAND5sWjN8G0hID
Life in the Fast Lane - 2013 Remaster,Eagles,Hotel California (2013 Remaster),1976-12-08,spotify:track:6gXrEUzibufX9xYPk3HD5p
Bohemian Rhapsody,Queen,Stone Cold Classics,2006-01-01,spotify:track:6l8GvAyoUZwWDgF1e4822w
Low Rider,War,Why Can't We Be Friends?,1975-01-01,spotify:track:7Bz8yww6UMbTgTVLG6zbI4
Sweet Home Alabama,Lynyrd Skynyrd,Second Helping (Expanded Edition),1974-04-15,spotify:track:7e89621JPkKaeDSTQ3avtg
Rosetta Stoned,TOOL,"10,000 Days",2006-04-28,spotify:track:0D8l86LXxKcgKAO17DfQsl
Emergency,"Sofi Tukker, Novak, YAX.X",Emergency,2020-09-18,spotify:track:0iQd47VJs14l8EA00PlI71
Life On Mars?,Seu Jorge,The Life Aquatic Exclusive Studio Sessions Featuring Seu Jorge,2005-01-01,spotify:track:0KpA8R3NM3N0JB4NAGbAxO
Show Me Your Heart,need new body,Ufo,2003-09-16,spotify:track:0MNuxtW4gp8czlE9DgBBuL
Shooting Stars,Bag Raiders,Bag Raiders (Deluxe),2011-01-01,spotify:track:0UeYCHOETPfai02uskjJ3x
Blinding Lights,The Weeknd,After Hours,2020-03-20,spotify:track:0VjIjW4GlUZAMYd2vXMi3b
BonBon,omniboi,Nice Dream,2016-12-12,spotify:track:1ITVxQtSn9506dCTx5TLEE
Incredibad,The Lonely Island,Incredibad,2009,spotify:track:1Q5oxa2BjBTmJ7mI3E6umg
Robot Rock,Daft Punk,"Musique, Vol. 1",2006-03-29,spotify:track:247OK7W7ke06iripfvHDiw
Take Me To Your Leader,Art vs Science,Art vs Science,2009-05-01,spotify:track:29AqRD7vZiHdjwhEHTks6j
Contact,Daft Punk,Random Access Memories,2013-05-20,spotify:track:2KHRENHQzTIQ001nlP9Gdc
E.T.,"Katy Perry, Kanye West",Teenage Dream: The Complete Confection,2012-03-12,spotify:track:36ux3YuUsGTWPT8fXclS45
IT HURTS!,San Holo,bb u ok?,2021-06-04,spotify:track:3H8h60jhdQNu5s9HHTLdFr
Aliens Exist,blink-182,Enema Of The State,1999-06-01,spotify:track:3nqm3DdVskqbHhmb8S8hMd
March of the Poozers,Devin Townsend Project,Z²,2014-10-28,spotify:track:3R4C2Jh2dtDs2DKZX3KpoQ
Oh Yeah,Yello,Essential,1992-01-01,spotify:track:44IX8SM0fEWApOGlhUGAFc
I Will Always Love You,Whitney Houston,The Bodyguard - Original Soundtrack Album,1992-11-17,spotify:track:4eHbdreAnSOrDDsFfc4Fpm
Spaceboss,"Liquid Stranger, Space Jesus",Weird & Wonderful,2017-02-03,spotify:track:4HiuT2pdJzwdSKf72aSdhs
Cosmic Thing,The B-52's,Cosmic Thing,1989-06-23,spotify:track:4PGwVdXrLXkIAOBmgDdzwy
Aliens Are Ghosts,"$uicideboy$, Travis Barker",Aliens Are Ghosts,2018-05-24,spotify:track:4XBDGFxecM5Y3KZFF0iufe
Spaceship (feat. Uffie) - MOTi Remix,"Galantis, Uffie, MOTi",Spaceship (feat. Uffie) [Remixes],2018-06-19,spotify:track:592JiALLj5xL5Z6LuMmaOV
I Got You (I Feel Good),James Brown & The Famous Flames,I Got You (I Feel Good),1966-01-01,spotify:track:5haXbSJqjjM0TCJ5XkfEaC
7 элемент,Vitas,Философия чуда,2001,spotify:track:5iFhkFf9JLA3XiROdYsg1i
Dame Tu Cosita,"El Chombo, Cutty Ranks",Dame Tu Cosita,2018-05-09,spotify:track:5tq6gO0LuNjmo9SRT1UcMv
"Harder, Better, Faster, Stronger",Daft Punk,Discovery,2001-03-12,spotify:track:5W3cjX2J3tjhG8zb6u0qHn
Space Jam,Quad City DJ's,Space Jam (Music From And Inspired By The Motion Picture),1996-11-12,spotify:track:683hRieVmYdAhVA1DkjSAk
Positive Contact,"Deltron 3030, Del The Funky Homosapien, Dan The Automator, Kid Koala",Deltron 3030,2000,spotify:track:6mKai3TB6wtorWTX47wHUt
Godlike,Alien Ant Farm,Always and forever,2015-02-20,spotify:track:7G2I6AN0sPBck3A5q16zIz
"This Is Not a Song, It's a Sandwich",Psychostick,Sandwich,2009-05-05,spotify:track:0EdL74JcmrL0FNIIyh1UFV
Pee Pee Poo Poo,Baby Kata,Pee Pee Poo Poo,2015-07-12,spotify:track:1TdAyEAliofpnDMAz6709k
Don't Shit Where You Eat,Ween,Chocolate and Cheese,1994,spotify:track:20V2jWpNgMpAjDt0ASpizu
Apeshit (feat. Waka Flocka Flame),"Prof, Waka Flocka Flame",Liability,2015-10-16,spotify:track:2AfNbKmWqrrdlpnk98mT88
Eye of the Tiger,Survivor,Rocky IV,1985,spotify:track:2KH16WveTQWT6KOG9Rg6e2
Sandstorm - Radio Edit,Darude,Sandstorm,1999-01-01,spotify:track:2kWB9IV8EHDOU9EjgxWFrF
Drop It Like It's Hot,"Snoop Dogg, Pharrell Williams",R&G (Rhythm & Gangsta): The Masterpiece,2004-01-01,spotify:track:2NBQmPrOEEjA8VbeWOQGxO
Push It - Single Version,Salt-N-Pepa,20 #1's: Party Hits,2016-12-30,spotify:track:3PjEhZ41Xp9n6DJPKurAUr
Lift Yourself,Kanye West,Lift Yourself,2018-04-29,spotify:track:3uYDO9dPLTVrgfwg7EYXSf
Perfect Saturday,The Lonely Island,The Wack Album,2013-01-01,spotify:track:43OzYQA5RxPSnrKiYPUH8D
Separate Ways (Worlds Apart),Journey,Frontiers,1983-02-22,spotify:track:4ECNtOnqzxutZkXP4TE3n3
Sweden,C418,Minecraft - Volume Alpha,2011-03-04,spotify:track:4NsPgRYUdHu2Q5JRNgXYU5
Sunshine (Adagio in D Minor),John Murphy,Sunshine (Adagio in D Minor),2013-10-14,spotify:track:50ExtKr8j9cHTY3OEw282G
No Time for Caution,Hans Zimmer,Interstellar (Original Motion Picture Soundtrack) [Expanded Edition],2014-11-18,spotify:track:5aaXqH8rgKZxg61HjECldi
Down,Marian Hill,ACT ONE,2016-06-24,spotify:track:5eCkuGPZNl4mISFNPgr3Dd
If You Must,Del The Funky Homosapien,Both Sides Of The Brain,2000-01-01,spotify:track:5eV0XIpuWFS8H7OYDDxA4E
Baby I'm Yours,"Breakbot, Irfane",Baby I'm Yours,2010-02-15,spotify:track:5jr6pG3khBcBXZRm8NogSe
Ring of Fire,Johnny Cash,The Essential Johnny Cash,2002-02-12,spotify:track:5rDkA2TFOImbiVenmnE9r4
True Thrush,Dan Deacon,America,2012-08-28,spotify:track:5up9Uq06pWGuJE1jojWJ6E
Oh Shit!!!,Injury Reserve,Floss,2016-12-15,spotify:track:6A3hUBzQ0k6chtNJlGxDQn
I Touch Myself - triple j Like A Version,Lime Cordiale,I Touch Myself (triple j Like A Version),2019-10-18,spotify:track:6JxBzJfkuERbpc78hKJGNc
Release the Kraken,Ninja Sex Party,Cool Patrol,2018-08-17,spotify:track:6Ns9f4wM4LefIk4ZgaJw4E
Weak,SWV,It's About Time,1992-10-27,spotify:track:71EHOyEOhNx1SzTebRRyng
We Are Never Ever Getting Back Together,Taylor Swift,Red,2012-10-22,spotify:track:7AEAGTc8cReDqcbPoY9gwo
Bodies,Drowning Pool,Sinner,2001-01-01,spotify:track:7CpbhqKUedOIrcvc94p60Y
Absolute Psalm,Igorrr,Hallelujah,2012-12-21,spotify:track:7eF0tJrwBB8cXXD9YAkr1O
Ride of the Valkyries,"Richard Wagner, 天之籁音乐",Earning Peace,2021-11-15,spotify:track:7pGAXSujtkxfR8Iu3RfZ4l
Pusherman,Curtis Mayfield,Superfly: Deluxe 25th Anniversary Edition,1972-07-01,spotify:track:7zrPswSV1yxrill5OyCuaU
"Vivaldi: The Four Seasons, Violin Concerto in F Minor, Op. 8 No. 4, RV 297 ""Winter"": I. Allegro non molto","Antonio Vivaldi, Itzhak Perlman, Israel Philharmonic Orchestra",Vivaldi: The Four Seasons,1985-01-01,spotify:track:0ON4FYmS4Zch1NV0lhv9hX
Hypnotica,"Thomas Bergersen, Two Steps from Hell",Invincible,2010-05-03,spotify:track:0QaxMwz9iDegICYqhXAh61
"The Four Seasons: Concerto No. 4 in F Minor, RV 297 ""L'inverno"" (winter): I. Allegro non molto","Antonio Vivaldi, Adrian Chandler, La Serenissima",The Four Seasons • Concertos for Bassoon and Violin 'in tromba marina',2015-09-04,spotify:track:0ROMalDdNg3L2HoZP4qFyJ
"""In The Hall Of The Mountain King"" from Peer Gynt Suite N°1, Op. 46",London Symphony Orchestra,The London Symphony Orchestra: The Top 100 of Classical Music,2010-01-11,spotify:track:14Qcrx6Dfjvcj0H8oV8oUW
Anitra's Dance,London Symphony Orchestra,Classical Favourites - An Hour Of The World's Best Loved Music,2018-09-28,spotify:track:1Aozvs1CIdllsgoCK5mrSC
Für Elise,Ludwig van Beethoven,Classical Best Of,2009-03-01,spotify:track:1DfGPEHxTYeaJpiNA4xUb5
William Tell Overture,"Gioachino Rossini, Arthur Fiedler, Boston Pops Orchestra","I don't like classical music, but I really like this!",2014-06-13,spotify:track:1ISbc05WTtcVh7q7QOXuu4
Thunderstruck,2CELLOS,Celloverse,2015-01-09,spotify:track:1taz71WL8grTxW6JLiL1i8
"Serenade No. 13 in G Major, K. 525, ""Eine kleine Nachtmusik"": I. Allegro","Wolfgang Amadeus Mozart, Capella Istropolitana, Wolfgang Sobotka",Mozart: Kleine Nachtmusik (Eine) / Serenata Notturna / Divertimento No. 10,1988-02-05,spotify:track:1VYOAY7yevYbOj3AFupzSu
"Peer Gynt Suite No. 1, Op. 46: III. Anitra's Dance","Edvard Grieg, The City of Prague Philharmonic Orchestra, Richard Hein",Mythical Horizons,2023-06-29,spotify:track:24M5Xk2il3L9NEycnKE3cg
"Symphony No. 40 in G Minor, K. 550: I. Molto allegro","Wolfgang Amadeus Mozart, Cologne New Philharmonic Orchestra, Volker Hartung","Mozart: Symphony No. 40 in G Minor, Bassoon Concerto & Flute Serenades Nos. 1 & 3",2017-12-08,spotify:track:2K4li6gzDcFNkCtNfjMSsi
I Can,Nas,God's Son,2002-12-13,spotify:track:2NPxL1QqPrD1a7OLHjVcAP
"Serenade No. 13 in G Major, K. 525 ""Eine kleine Nachtmusik"": I. Allegro","Wolfgang Amadeus Mozart, Wiener Kammerphilharmonie",Eine kleine Nachtmusik,1991-12-27,spotify:track:2O0tYnL4ZgIntR1J7HWwh6
Blue Monday,Sebastian Böhm,Blue Monday,2019-12-09,spotify:track:2ZprZEv9BsI2m60vuDHBSI
Dark Colossus (Kaiju),"帆足圭吾, 岡部啓一",NieR:Automata Original Soundtrack,2017-03-29,spotify:track:3CGG2wh4hu4Gj9CcXFOfqw
"Sonata No. 14 ""Moonlight"" in C-Sharp Minor"", Op. 27 No. 2: I. Adagio sostenuto","Ludwig van Beethoven, Paul Lewis","Beethoven: Piano Sonatas, Vol.3",2007-09-25,spotify:track:3DNRdudZ2SstnDCVKFdXxG
"Carmina Burana / Fortuna Imperatrix Mundi: ""O Fortuna""","Carl Orff, Brighton Festival Chorus, Royal Philharmonic Orchestra, Antal Doráti",Orff: Carmina Burana,1975-01-01,spotify:track:47J2TBfDpGQUfHkErP78Tw
Annie's Song,John Denver,Back Home Again,1974-06-15,spotify:track:4J0DbyODwZJcmIAiTSJfMF
"String Quartet No. 3, ""Mishima"": VI. Mishima / Closing","Philip Glass, Carducci String Quartet",Glass: String Quartets Nos. 1-4,2010-06-01,spotify:track:4qZh3yJ7tILlDD0Wmv7Ftj
"Piano Concerto No. 2 in C Minor, Op. 18: 2. Adagio sostenuto","Sergei Rachmaninoff, Valentina Lisitsa, London Symphony Orchestra, Michael Francis",Rachmaninov: Piano Concerto No.2,2012-01-01,spotify:track:4rrrn8OLrttq7r9RgNXalU
"The Planets, Op. 32: 4. Jupiter, the Bringer of Jollity","Gustav Holst, Berliner Philharmoniker, Herbert von Karajan",Holst: The Planets,1981-01-01,spotify:track:59Id4KrBWiizuq53doxWtp
"Suite Bergamasque, L. 75: III. Clair de lune (Andante très expressif)","Claude Debussy, Alain Planès","Debussy: Children's Corner, Suite bergamasque, Images",2007-07-31,spotify:track:6N7JzrteJv8lsr1GWYyu0b
1812 Overture,"Pyotr Ilyich Tchaikovsky, Royal Philharmonic Orchestra, Philip Ellis",Last Night of the Proms,2007-08-03,spotify:track:6oWacAPUt8LMXqRkEk2MNg
The 13th Struggle,Yoko Shimomura,KINGDOM HEARTS -HD 2.5 ReMIX- (Original Soundtrack),2023-02-08,spotify:track:6Qnm3AvpPSOfaHbUmAY9vQ
1812 Overture Op.49 - Finale,Berlin Symphonic Orchestra,World Classical 2010,2010-05-01,spotify:track:78ZA7OybDvDl6Lx07l8EW4
Nocturne with No Moon,Ennio Morricone,The Legend of 1900 (Original Motion Picture Soundtrack),1998,spotify:track:7fNvm9mCjQ49iyWDpPsxrp
Don't Stop The Music,Rihanna,Good Girl Gone Bad: Reloaded,2008-06-02,spotify:track:0ByMNEPAPpOR5H69DVrTNy
One More Time,Daft Punk,Discovery,2001-03-12,spotify:track:0DiWol3AO6WpXZgp0goxAV
Party Rock Anthem,"LMFAO, Lauren Bennett, GoonRock",Sorry For Party Rocking,2011-01-01,spotify:track:0IkKz2J93C94Ei4BvDop7P
Cotton Eye Joe,Rednex,Sex & Violins,1995-04-03,spotify:track:0Jg602cHeMCnPez9baacIe
Let's Go Crazy,Prince,Purple Rain,1984-06-25,spotify:track:0QeI79sp1vS8L3JgpEO7mD
2 Be Loved (Am I Ready),Lizzo,Special,2022-07-14,spotify:track:13Irp51zj01BZu2XtDrnAg
Gasolina,Daddy Yankee,Barrio Fino (Bonus Track Version),2004-07-13,spotify:track:228BxWXUYQPJrJYHDLOHkj
Dancing Queen,ABBA,ABBA Gold,2008-01-01,spotify:track:2ATDkfqprlNNe9mYWodgdc
September,"Earth, Wind & Fire","The Best Of Earth, Wind & Fire Vol. 1",1978-11-23,spotify:track:2grjqo0Frpf2okIBiifQKs
I Gotta Feeling,Black Eyed Peas,THE E.N.D. (THE ENERGY NEVER DIES),2009-01-01,spotify:track:2H1047e0oMSj10dgp7p2VG
If U Seek Amy,Britney Spears,Circus (Deluxe Version),2008-12-02,spotify:track:2hdy9Wt9qp7M7d0U3ossu2
Take on Me,a-ha,Hunting High and Low,1985-06-01,spotify:track:2WfaOiMkCvy7F5fcp2zZ8L
Dance Commander,Electric Six,Fire,2003-05-19,spotify:track:3A3n0ShUNIrNWwdzkONVAl
Peanut Butter Jelly,Galantis,Pharmacy,2015-06-05,spotify:track:3aIhJDHxr1kgTSnutJxPTH
Watch Out For This (Bumaye),"Major Lazer, Busy Signal, The Flexican, FS Green",Free The Universe (Extended Version),2013-04-16,spotify:track:3j9o0zUoyGNXkijNSyRyBI
BOOGIE,BROCKHAMPTON,SATURATION III,2017-12-15,spotify:track:3NuN59jpH3B5cNa2M4r7XG
Dancing On My Own,Robyn,Body Talk Pt. 1,2010-06-11,spotify:track:3Rc2ajBMInxeNGVkMPC92Y
Finesse - Remix; feat. Cardi B,"Bruno Mars, Cardi B",Finesse (Remix) [feat. Cardi B],2017-12-20,spotify:track:3Vo4wInECJQuz9BIBMOu8i
The Salmon Dance,The Chemical Brothers,We Are The Night,2007-06-27,spotify:track:3vRYtf5xgPrYeVzAmqvzTd
Canned Heat,Jamiroquai,Synkronized,1999-06-08,spotify:track:47oS7xB31QQUyPCgHpM3VZ
You Should Be Dancing,Bee Gees,The Ultimate Bee Gees,2009-11-03,spotify:track:4T5Y25pWs2pVZVcFIqFuf8
Fireball (feat. John Ryan),"Pitbull, John Ryan",Globalization,2014-11-21,spotify:track:4Y7XAxTANhu3lmnLAzhWJW
Hypa Hypa,Electric Callboy,Hypa Hypa,2020-06-19,spotify:track:5tXgNRHlUyfrc7P5GgpwnI
Naked,Bickle,Naked,2020-03-10,spotify:track:5Vth7eImumlAyhsW8PqqAM
Everytime We Touch,Cascada,Everytime We Touch (Premium Edition),2010-02-12,spotify:track:5YJtMNWKe55yr49cyJgxva
24K Magic,Bruno Mars,24K Magic,2016-11-17,spotify:track:6b8Be6ljOzmkOmFslEb23P
Come On Eileen - Single Edit,"Dexys Midnight Runners, Kevin Rowland",Come On Eileen / Dubious,2009-01-01,spotify:track:6nWcEzyxDozQcmxMoNJtYx
Five More Hours,"Deorro, Chris Brown",Five More Hours (Deorro x Chris Brown),2015-03-03,spotify:track:6omW6DQqbdBwJ4NKAcyAng
Don't Start Now,Dua Lipa,Don't Start Now,2019-10-31,spotify:track:6WrI0LAC5M1Rw2MnX2ZvEg
Turn off the Lights,"Chris Lake, Alexis Roberts",Turn off the Lights,2018-02-23,spotify:track:7dsImih2L25fa6qjNphBI7
Run Boy Run,Woodkid,The Golden Age,2013-01-01,spotify:track:0boS4e6uXwp3zAvz1mLxZS
The Chicken,Bo Burnham,INSIDE (DELUXE),2022-06-03,spotify:track:0k7tFat3QoVTtvMlwAgPaT
Brothers In Arms,Junkie XL,Mad Max: Fury Road (Original Motion Picture Soundtrack),2015-05-12,spotify:track:0rljrAA4HuyJxO5Y4ksY4S
Rooster (2022 Remaster),Alice In Chains,Dirt (2022 Remaster),1992-09-29,spotify:track:0wvIGFIgbyz4JNwQhZgTv2
Gamma Knife,King Gizzard & The Lizard Wizard,Nonagon Infinity,2016-04-29,spotify:track:0yxzfsmzMOCRhbHBpFjXzL
Hit 'Em Up - Single Version,"2Pac, Outlawz",Greatest Hits,1998-01-01,spotify:track:0Z2J91b2iTGLVTZC4fKgxf
Change Your Life (You Can Do It),Dan Deacon,Change Your Life (You Can Do It),2016-09-07,spotify:track:17MXoU0jFQnhpf05xqDc8P
"Blockbuster Night, Pt. 1","Run The Jewels, El-P, Killer Mike",Run the Jewels 2,2014-10-27,spotify:track:1AESnzWt4iMrEPGG7TjXAa
Headstrong,Trapt,Trapt,2002-11-05,spotify:track:1AEYT6VxrxXPMoQUxsY0E4
X Gon' Give It To Ya,DMX,The Best Of DMX,2010-01-26,spotify:track:1FgeteSBYT80nWH1edeiMe
Cafo,Animals As Leaders,Animals as Leaders,2009-04-28,spotify:track:1ZfnGTUnha3QHj3KFmub0W
Tubthumping,Chumbawamba,Tubthumper,1997-09-01,spotify:track:22HYEJveCvykVDHDiEEmjZ
Kung Fu Fighting,Carl Douglas,The Soul of the Kung Fu Fighter,2001,spotify:track:40NRm1ZLvZpUSCUXAGGZ8J
Cigaro,System Of A Down,Mezmerize,2005-05-17,spotify:track:47EqCQZG5v4o0WFMufGf5S
Ladies And Gentlemen,Saliva,Blood Stained Love Story,2007-01-01,spotify:track:48ncRBVLgiu8MY7O70VVw5
Never Fight A Man With A Perm,IDLES,Joy as an Act of Resistance.,2018-08-31,spotify:track:4B4CQ84BBpHK5d02cWKUb0
David De La Hoz,The Chariot,Long Live,2010-11-22,spotify:track:4K2dhclnoO8NlFFiwCrG4p
Free Bird,Lynyrd Skynyrd,Pronounced' Leh-'Nerd 'Skin-'Nerd,1973-01-01,spotify:track:5EWPGh7jbTNO2wakv8LjUI
Rasputin,Boney M.,Daddy Cool,1994-03-14,spotify:track:5lWSa1rmuSL6OBPOnkAqoa
You're Going Down,Sick Puppies,Tri-polar,2010-01-01,spotify:track:5omWAB5iNMHvbAfBSzkdu8
Fight Dirty,"Guignol, Mischief Brew",Fight Dirty,2010-04-13,spotify:track:5S9fViU9VoQiT6ZX347RhJ
Damn! (feat. Lil' Jon) - Club Mix,"Youngbloodz, Lil Jon",Drankin' Patnaz,2003-07-25,spotify:track:5TpaWJKnuyA4MjzAbFXSTQ
Bushes of Love,Bad Lip Reading,Bushes of Love,2015-12-18,spotify:track:75LOt4i3Xlmpu8bFu4kdUR
Get Got,Death Grips,The Money Store,2012-04-23,spotify:track:781V2Y5LPtcpgONEOadadE
"Gonna Fly Now - Theme From ""Rocky""",Bill Conti,Rocky (Original Motion Picture Score),1976-10-14,spotify:track:7iXYRR70wewzVYzWScm99j
Jaguar God,Mastodon,Emperor of Sand,2017-03-31,spotify:track:7lGOFEVWK0jzpLMFuR4ANh
I'm Shipping Up To Boston,Dropkick Murphys,The Warrior's Code,2005-07-19,spotify:track:7rSERmjAT38lC5QhJ8hnQc
You Spin Me Round (Like a Record),Dead Or Alive,Youthquake,1985-03-26,spotify:track:7uHO4AmKtyGa5v5fsElGoC
He's a Pirate,Klaus Badelt,Pirates of the Caribbean: The Curse of the Black Pearl (Original Motion Picture Soundtrack),2003-07-22,spotify:track:08QaHlMPWuO5PUxjl61bXn
Sea Legs,"Run The Jewels, El-P, Killer Mike",Run The Jewels,2013-06-26,spotify:track:0ATVlCuG5QA2Y0WJg45Awc
Surf,Sable,Kanto EP,2015-03-23,spotify:track:0CN4qhF3IUN2T8It1Ttu8X
"Yo, Ho, Ho! (And a Bottle of Rum)",Craig Toungate,Disney's Ultimate Swashbuckler Collection,2006-01-01,spotify:track:0DgctWKqMDJsTcLIdLullK
"Rolex, the Ocean",Jonah Yano,"Rolex, the Ocean",2018-10-03,spotify:track:0igLG9dfL33XFXpfyZgmb4
Come Sail Away,Styx,The Grand Illusion,1977-01-01,spotify:track:0PsbWiVtix5FoTZ1s00mEl
Drink,Alestorm,Sunset on the Golden Age,2014-08-04,spotify:track:0SPHbfBIe0mdRnae2MWuzr
WHALE,Yellow Ostrich,The Mistress,2011,spotify:track:1NQkPT6lGkCe5N3gVhRyZD
Santiana,The Longest Johns,Between Wind And Water,2018-06-07,spotify:track:21Jm43WPaIsv82UJsPkMF0
Barrett's Privateers,Stan Rogers,Between The Breaks Live!,1979,spotify:track:2636yvI6PfH8lfIO3Kx5t2
Exotica,Parcels,Parcels,2018-10-12,spotify:track:2eC43PWHMbUnwqCRZcbGfo
Leave Her Johnny,"Sean Dagher, Nils Brown, Michiel Schrey, Assassin's Creed",Assassin's Creed 4: Black Flag (Sea Shanty Edition) [Original Game Soundtrack],2013-10-29,spotify:track:2vaa0nnDnNTlxCh7fCmjsr
Bismarck,Sabaton,Bismarck,2019-05-17,spotify:track:39m87lOMd5ccENPVvAT7gH
Electric Feel,MGMT,Oracular Spectacular,2007-12-14,spotify:track:3FtYbEfBqAlGO46NUDQSAt
I'm On A Boat,"The Lonely Island, T-Pain",Incredibad,2009,spotify:track:3IQSYqnKsCTMLWn2xE3HFT
Treat Me Like a Pirate (feat. Whatchyamacallit),"Flynt Flossy, Yung Humma, Whatchyamacallit",Turquoise J33P Records: Existing Musical Beings,2014-01-17,spotify:track:3PPAPcQCsSkeX9JxPn7Pix
The Lighthouse,Dawuna,Glass Lit Dream,2021-11-05,spotify:track:4ks2FEl7f8kNn0vzh3tQBd
The Flying Dutchman,The Jolly Rogers,X X V,2016-08-30,spotify:track:4m6d1gakr80NsDIOX4B43p
True,Spandau Ballet,The Twelve Inch Mixes,1986-06-30,spotify:track:4q2lRiodoQnyFO65watkse
Wellerman - Sea Shanty,Nathan Evans,Wellerman (Sea Shanty),2021-01-21,spotify:track:54OBgO0Xwu20Jak9TMXbR7
What Is and What Should Never Be - 1990 Remaster,Led Zeppelin,Led Zeppelin II (1994 Remaster),1969-10-22,spotify:track:5G7uLHtoEW140QOcBpJlfz
Sea Shanty Medley,Home Free,Sea Shanty Medley,2021-03-19,spotify:track:5mkoR8mVrEwpDQc9y54sM2
Kokomo,The Beach Boys,The Very Best Of The Beach Boys: Sounds Of Summer,2003-01-01,spotify:track:5qHYXcVvc9xsFB2uH7GpMN
Drunken Sailor,The Irish Rovers,Drunken Sailor,2012-02-22,spotify:track:5Su5ILFp6U83cnIXwfmlC5
Message In A Bottle - Remastered 2003,The Police,Reggatta De Blanc,1979-10-02,spotify:track:5xD021bM8VbqrhCVhxRozx
Take You There,Sean Kingston,Sean Kingston,2008-03-11,spotify:track:6AdLyvisRKHLAwARaZMGr6
One More Pull,"The Wellermen, The Longest Johns",The Wellermen,2023-02-10,spotify:track:6gDpLHPrId2edxNY0sLK4z
Ocean Man,Ween,The Mollusk,1997-04-18,spotify:track:6M14BiCN00nOsba4JaYsHW
Wellerman,The Longest Johns,Between Wind And Water,2018-06-07,spotify:track:6ZblDQM0Gq0daaPAwuHOmD
Sail,AWOLNATION,Megalithic Symphony,2011-03-15,spotify:track:7ueP5u2qkdZbIPN2YA6LR0
女扮男生,At17,Threesome,2007,spotify:track:0pujceqmx9uhErQDU7Zo50
Foux Du Fafa,Flight of the Conchords,Flight Of The Conchords,2008-04-22,spotify:track:0ws73KuD7D3Huy70hLl7xq
Hoppípolla,Sigur Rós,Takk...,2005-09-12,spotify:track:0yQPpUq5BJyqah5m2Q5Stt
The Unsung War,"PROJECT ACES, Bandai Namco Game Music",ACE COMBAT5 THE UNSUNG WAR Original Soundtrack,2023-09-12,spotify:track:141TAZJW27CJuYAwyEOICK
Taal Se Taal,"Alka Yagnik, Udit Narayan",Taal (Original Motion Picture Soundtrack),1999-08-13,spotify:track:1s2BVgfna5AW7LCw9rf02r
Erreur 404,L'Impératrice,Matahari (French Version),2018-03-02,spotify:track:1xlBBF8plcM6vHQfOM9Fs7
Gasolina,Daddy Yankee,Barrio Fino (Bonus Track Version),2004-07-13,spotify:track:228BxWXUYQPJrJYHDLOHkj
La Bamba - Single Version,Ritchie Valens,Ritchie Valens,1959,spotify:track:2aEeghgUcnu75tzcolFMfs
El Prao Prao,Los Kechus,Mami,2017-11-04,spotify:track:2kLpmsGejQ1Jxn4aiwv3x3
My Wing (Remake),Otyken,Kykakacha,2021-06-17,spotify:track:3bAIo1ooDigEnD63UzGR51
"Non, je ne regrette rien",Édith Piaf,Eternelle,1987-10-31,spotify:track:3dkIE8P7hvl3tHl9KSb6dA
茜色が燃えるとき,SCOOBIE DO,Beautiful Days,2004-07-21,spotify:track:3O3XLp1UXw7YW3Q3JYMrRn
Sæglópur,Sigur Rós,Takk...,2005-09-12,spotify:track:3OAf2iksV6MRLzqtUglTDq
Tu es beau,Yelle,Pop-Up,2007-08-31,spotify:track:3Q434tG4MdftCIgsYP0xQa
Ó Valhalla,SKÁLD,Vikings Chant (Alfar Fagrahvél Edition),2019-09-20,spotify:track:3tlkmfnEvrEyL35tWnqHYl
ただ君に晴れ,ヨルシカ,負け犬にアンコールはいらない,2018-05-09,spotify:track:3wJHCry960drNlAUGrJLmz
When The Rain Stops,Hoody,When The Rain Stops,2021-10-11,spotify:track:44SDHCVr81qmi5YL1GSNXx
Baianá,Barbatuques,O Seguinte é Esse,2005-01-01,spotify:track:4bndkI1TTh7itdsyixtDoD
The Prayer of François Villon (Molitva),Regina Spektor,What We Saw from the Cheap Seats (Deluxe Version),2012-05-25,spotify:track:4HJCn4drFd8Gcglm9NjzsX
Dragostea Din Tei,O-Zone,DiscO-Zone,2002,spotify:track:4nnHlGaBwJHb1rBetqj0Yl
Kołysanka dla nieznajomej,Perfect,Autobiografia (The Best),2005-07-27,spotify:track:4oLgclTNif24XEFC7O7we4
Megitsune,BABYMETAL,BABYMETAL,2015-05-11,spotify:track:4pUNH4rWiabtBxj2UiGCKN
99 Luftballons,Nena,Nena,1983-09-23,spotify:track:4ZhPLoMzZwewHLLjV1J15c
Tequila,The Champs,Greatest Hits / Tequila,1994-04-19,spotify:track:5gJKsGij5oGt5H5RSFYXPa
Woman - Sofi Tukker Remix,"Rema, Sofi Tukker, Mavins",Woman (Sofi Tukker Remix),2021-04-02,spotify:track:5hLD4viaS6zWqbelTa6YNI
Guantanamera,Joseito Fernández,La Música de La Bodeguita: Vol. 1 De Cuba con Sabor,2006-01-01,spotify:track:6ek8f65UGCZaiIBcXkexlE
Tuyo (Narcos Theme) [Extended Version] - A Netflix Original Series Soundtrack,Rodrigo Amarante,Tuyo (Narcos Theme) [Extended Version] [A Netflix Original Series Soundtrack],2018-11-16,spotify:track:6g2BiiVQqY5v1S4HIrM54F
Despacito,"Luis Fonsi, Daddy Yankee",VIDA,2019-02-01,spotify:track:6habFhsOp2NvshLv26DqMb
Baba Yetu,"Christopher Tin, Soweto Gospel Choir",Calling All Dawns,2009-10-01,spotify:track:6UDFkqHY5gLREnSh9jd5th
Guren no Yumiya,Linked Horizon,Shingeki no Kiseki,2017,spotify:track:70p3HYq9iHZisJqpDmWd1U
Mil Horas,Los Abuelos De La Nada,1982-1987 - Himnos Del Corazón,1999,spotify:track:7JEnT0uFWcwZqNZWv7hC9N
Caramelldansen,Caramella Girls,Supergott (Speedy Mixes),2008-01-05,spotify:track:7MwwPyZJ7UKFROj2oVnH6R
BLACKOUT,Turnstile,GLOW ON,2021-08-27,spotify:track:0bGImSqDB2ebdeoCidUC8o
Party Hard,Andrew W.K.,I Get Wet,2001-01-01,spotify:track:0E0bZtTG39K95uRjqBo1Mx
Savage (feat. Flux Pavilion & MAX),"Whethan, Flux Pavilion, MAX",Savage (feat. Flux Pavilion & MAX),2016-12-06,spotify:track:0kD586ste6xyDRqUYhVlCh
Sabotage,Beastie Boys,Ill Communication,1994-05-23,spotify:track:0Puj4YlTm6xNzDDADXHMI9
Bulls On Parade,Rage Against The Machine,Evil Empire,1996-04-16,spotify:track:0tZ3mElWcr74OOhKEiNz1x
Pull Harder on the Strings of Your Martyr,Trivium,Ascendancy,2005-03-07,spotify:track:0UXaslpoA81no74N7U56U9
For Those About to Rock (We Salute You),AC/DC,For Those About to Rock (We Salute You),1981-11-23,spotify:track:17lu4tymfnhmcIDlzBbtAb
Doin' The Cockroach,Modest Mouse,The Lonesome Crowded West,1997-11-18,spotify:track:19KYXwOkJXAC6ymLvZYlt6
I Bet You Look Good On The Dancefloor,Arctic Monkeys,"Whatever People Say I Am, That's What I'm Not",2006-02-21,spotify:track:20fdsKwT2UQGKB1WjF8LfI
Chop Suey!,System Of A Down,Toxicity,2001-09-04,spotify:track:2DlHlPMa4M17kufBvI2lEN
Re-Education (Through Labor),Rise Against,Endgame / Appeal To Reason / Siren Song Of The Counter Culture / The Sufferer & The Witness,2012-01-01,spotify:track:2TJqTvzycPZiHcTSgih4d9
Bat Country,Avenged Sevenfold,City of Evil,2005-06-06,spotify:track:3sHH7lklbfpcraDDvYnjo7
Enter Sandman (Remastered),Metallica,Metallica (Remastered),1991-08-12,spotify:track:3VqHuw0wFlIHcIPWkhIbdQ
Monkey Wrench,Foo Fighters,The Colour And The Shape,1997-05-20,spotify:track:44wXefe8WB9Fd6xwtmAwbR
The Best Ever Death Metal Band in Denton,The Mountain Goats,All Hail West Texas (Remastered),2002-02-19,spotify:track:4AtUqjDgRO2S3jBzAjRvh7
Let 'em Burn,NOTHING MORE,The Stories We Tell Ourselves,2017-09-15,spotify:track:4bPrKGqQKiBmf49XB4F4H5
Never Gonna Give You Up,Rick Astley,Whenever You Need Somebody,1987-11-12,spotify:track:4cOdK2wGLETKBW3PvgPWqT
Bleed,Meshuggah,ObZen,2008-03-07,spotify:track:4E6wpXABj8XosZEPXZz2OK
Feel the Pressure,DRAIN,California Cursed,2020-04-10,spotify:track:58z4qdwM0zpWJEGfjSptR7
Killing In The Name,Rage Against The Machine,Rage Against The Machine - XX (20th Anniversary Special Edition),1992,spotify:track:59WN2psjkt1tyaxjspN8fp
Smells Like Teen Spirit,Nirvana,Nevermind (Remastered),1991-09-26,spotify:track:5ghIJDpPoe3CfHMGu71E6T
Welcome to Paradise,Green Day,Dookie,1994-02-01,spotify:track:5kr3j5Clb9rjEposoMyLVt
Rip & Tear,Mick Gordon,Doom (Original Game Soundtrack),2016-09-28,spotify:track:5soMJpcVhSrGrB4prvPL6P
Bulls on Parade - triple j Like A Version,Denzel Curry,Bulls on Parade (triple j Like A Version),2019-03-15,spotify:track:6FCfj69zzQHnrx4fTukhfo
Miststück 2012,Eisbrecher,Es bleibt kalt°! (2003-2023),2023-08-18,spotify:track:6RFE4C8KeBJy01Ebf90pHz
Another Me (with Dylan Matthew),"Seven Lions, Excision, Wooli",Another Me (with Dylan Matthew),2019-08-30,spotify:track:6sLohu3lQbmMhYVnb6OTvw
Atomic Punk - 2015 Remaster,Van Halen,Van Halen (Remastered),1978-02-10,spotify:track:6XzfupaB5ikgUMnrFgJBvS
Empty Walls,Serj Tankian,Elect the Dead (Deluxe),2007-10-16,spotify:track:6Y2kW1mdHE0znPCjtOdt5m
Zwischen uns,Eisbrecher,Schock,2015-01-23,spotify:track:7BOQf672CArOXYDR962JEx
Break Ya Neck,Busta Rhymes,Genesis,2001-11-07,spotify:track:7gKgd0P3dAAePiSQQBqrlf
Run Away With Me,Carly Rae Jepsen,Emotion (Deluxe Expanded Edition),2015,spotify:track:0FS7B5o3QyvOD8eWjnbLoO
Chemicals,Rosemary Fairweather,Heavenly,2016-11-04,spotify:track:1Jl74ao9nBADj4KtQmwCIF
Ain't No Mountain High Enough,Diana Ross,Diamond Diana: The Legacy Collection,2017-11-17,spotify:track:1KbuhBnzMHp4eq1q6flhWd
Malibu,Miley Cyrus,Younger Now,2017-09-29,spotify:track:1UZOjK1BwmwWU14Erba9CZ
Dog Days Are Over,Florence + The Machine,Lungs (Deluxe Edition),2009,spotify:track:1YLJVmuzeM2YSUkCCaTNUB
Gone,"Charli XCX, Christine and the Queens",Charli,2019-09-13,spotify:track:1yUJK3qxPiFiPeAG2gLfuW
Super Bass,Nicki Minaj,Pink Friday,2010-01-01,spotify:track:2jSwKQBouf0brIcxGfA9CZ
Lost on You,LP,Lost on You,2017-05-05,spotify:track:2LIh4uzqq9cXMPzzmcToHl
Chandelier,Sia,1000 Forms Of Fear (Deluxe Version),2015-05-04,spotify:track:2s1sdSqGcKxpPr5lCl7jAV
Blank Space,Taylor Swift,1989 (Deluxe Edition),2014-10-27,spotify:track:2sC2P3BN0IXujNaaSyDmtP
Call Your Girlfriend,Robyn,Body Talk,2010-01-01,spotify:track:2sCoROOlNQyFpRQEe6A5lv
New Romantics (Taylor's Version),Taylor Swift,1989 (Taylor's Version),2023-10-26,spotify:track:2vPMoMDXxu9uX1igWZmXSG
Bulletproof,La Roux,La Roux,2009,spotify:track:3kMrazSvILsgcwtidZd1Qd
We Belong Together,Mariah Carey,The Emancipation of Mimi,2005-04-12,spotify:track:3LmvfNUQtglbTrydsdIqFU
Gimme! Gimme! Gimme! (A Man After Midnight),ABBA,Voulez-Vous,1979,spotify:track:3vkQ5DAB1qQMYO4Mr9zJN6
Genesis,Grimes,Visions,2012-02-21,spotify:track:4sCYKMatyhazyy6r2N7Hp2
A Thousand Miles,Vanessa Carlton,Be Not Nobody,2002-04-30,spotify:track:4w1lzcaoZ1IC2K5TwjalRP
Shake It Off,Taylor Swift,1989,2014-10-27,spotify:track:5xTtaWoae3wi06K5WfVUUH
Toxic,Britney Spears,In The Zone,2003-11-13,spotify:track:6I9VzXrHxO9rA9A5euc8Ak
Supercut,Lorde,Melodrama,2017-06-16,spotify:track:6K8VQ84MqhsoakN5MjrnVR
Ta reine,Angèle,Brol La Suite,2019-11-07,spotify:track:6nsLrJq5YIACRcKqY873Wi
Criminal,Fiona Apple,Tidal,1996-07-23,spotify:track:6PNvv1dmDbOWrAYwEcuKBX
brutal,Olivia Rodrigo,SOUR,2021-05-21,spotify:track:6SRsiMl7w1USE4mFqrOhHC
telepatía,Kali Uchis,Sin Miedo (del Amor y Otros Demonios) ∞,2020-12-04,spotify:track:6tDDoYIxWvMLTdKpjFkc1B
Build a Bitch,Bella Poarch,Build a Bitch,2021-05-14,spotify:track:7BoobGhD4x5K96Me0hqC8Q
Cannes,Romane Santarelli,Cannes,2020-10-23,spotify:track:7GNcYtI60RBrex8dM6j4RB
"Lady Marmalade - From ""Moulin Rouge"" Soundtrack","Christina Aguilera, Lil' Kim, Mýa, P!nk",Moulin Rouge,2001-01-01,spotify:track:7GQqj9jRtDkMp8zByehXQI
Respect,Aretha Franklin,I Never Loved a Man the Way I Love You,1967-03-10,spotify:track:7s25THrKz86DM225dOYwnr
Bleed American,Hot Mulligan,Bleed American,2021-07-21,spotify:track:0G7Bbj7RgnPMPyb2ONjChY
La chanson des vieux amants,Melody Gardot,Brel - Ces gens-là,2019-04-05,spotify:track:154yAcyZR87d5uBw4W7Jjm
The Sound of Silence,Disturbed,Immortalized,2015-08-21,spotify:track:1Cj2vqUwlJVG27gJrun92y
Mrs. Robinson - Remastered,The Lemonheads,It's a Shame About Ray (Expanded Edition),1992-01-01,spotify:track:1Hnv9uDIokwi4nkcVUyS0X
Hurt,Johnny Cash,American IV: The Man Comes Around,2002-01-01,spotify:track:28cnXtME493VX9NOw9cIUh
All Along the Watchtower,Jimi Hendrix,Electric Ladyland,1968-10-25,spotify:track:2aoo2jlRnM3A0NyLQqMN2f
Just a Friend 2002 - Radio Edit,Mario,Mario,2002-07-22,spotify:track:2cxbxpHrND6i4uvUGVvC9J
Separate Ways (Worlds Apart),A Skylit Drive,Punk Goes Classic Rock,2010-04-27,spotify:track:2nSxwKVxaFk6TJ6ijiWKAp
DO 4 LOVE,Snoh Aalegra,Spotify Singles,2021-10-29,spotify:track:3FImu2LpSuH6gDHBuFgIbS
Mad World,"Gary Jules, Michael Andrews",Trading Snakeoil for Wolftickets,2001-01-01,spotify:track:3JOVTQ5h8HGFnDdp4VT3MP
Over the Rainbow,Israel Kamakawiwo'ole,Alone In Iz World,2001-09-25,spotify:track:3oQomOPRNQ5NVFUmLJHbAV
My Way,Frank Sinatra,My Way (Expanded Edition),1969-03,spotify:track:3spdoTYpuCpmq19tuD0bOe
God Bless America,"Charles Bradley, Menahan Street Band, the Gospel Queens",Changes,2016-04-01,spotify:track:41Od0k8dsUKEyZZLmVPEul
Hellfire,Jonathan Young,VILLAINS,2019-01-01,spotify:track:4Ajar7wvwmo0GabVdZnmrF
Prototype,DRAM,Prototype,2018-08-17,spotify:track:4DuGrfVFyg9q0oBkcjjGo8
I Will Always Love You,Whitney Houston,The Bodyguard - Original Soundtrack Album,1992-11-17,spotify:track:4eHbdreAnSOrDDsFfc4Fpm
Never Let You Go,"RAC, Matthew Koma, Hilary Duff",Never Let You Go,2020-02-12,spotify:track:4ioTh5Nrk0Vp8X3u1tHhob
How I Could Just Kill a Man,Rage Against The Machine,Renegades,2000-12-05,spotify:track:4K1DB7EedHPuVnhVrnvf2U
Beat It,"Fall Out Boy, John Mayer",Believers Never Die - Greatest Hits,2009-01-01,spotify:track:4OMsAnt8JSBctSJQIMNAy1
Sweet Dreams Seven Nation Army Mashup,"Pomplamoose, Sarah Dugas",Sweet Dreams Seven Nation Army Mashup,2019-09-19,spotify:track:4qLaxJOMGv9DyxuayDw60n
Hotel California (Spanish Mix),Gipsy Kings,!Volare! The Very Best of the Gipsy Kings,2000-09-05,spotify:track:4Rvhe8O90hFIExTJkdrRPM
I Will Survive,CAKE,Fashion Nugget,1996-09-17,spotify:track:4THrHKyBL0yaDDw9yg37Zk
Girls Just Want to Have Fun,Cyndi Lauper,She's So Unusual,1983-10-14,spotify:track:4y1LsJpmMti1PfRQV9AWWe
Chemtrails Over The Country Club - triple j Like A Version,Hayley Mary,Chemtrails Over The Country Club (triple j Like A Version),2021-03-26,spotify:track:54HGjwjSYzZKHYxIMcix7X
Tainted Love,Soft Cell,Non-Stop Erotic Cabaret,1981,spotify:track:58E1XVmZTODC67YNjneuXM
Fireflies - triple j Like A Version,Great Gable,Fireflies (triple j Like A Version),2022-07-01,spotify:track:6lor0TrU7UtjUerVWQkeoI
Believe (triple j Like A Version) - Cover Version,DMA'S,Believe (triple j Like A Version) [Cover Version],2017-04-24,spotify:track:76aAaIv5bS8HQJVJ1cc8Ge
House Of The Rising Sun,The Animals,The Animals,1964-01-01,spotify:track:7BY005dacJkbO6EPiOh2wb
Generator,Turnstile,Time & Space,2018-02-23,spotify:track:04vAjpZ2ppNIFcxq9bqj39
Throne,Bring Me The Horizon,That's The Spirit,2015-09-11,spotify:track:0M3adYbGtyRHACP86dey1H
Can You Feel My Heart,Bring Me The Horizon,Sempiternal (Expanded Edition),2013-04-01,spotify:track:0WSa1sucoNRcEeULlZVQXj
Colossus,Avatar,Hunter Gatherer,2020-08-07,spotify:track:1LSG1nQTeBVxofK8lQnJny
Higher,Creed,Human Clay,1999-01-01,spotify:track:1ZozJfi8u9cO2Ob8KwiwNT
Don't Stay,Linkin Park,Meteora (Bonus Edition),2003-09-16,spotify:track:27gUeiai56GKF6TxvmPJut
POWER,Kanye West,My Beautiful Dark Twisted Fantasy,2010-11-22,spotify:track:2gZUPNdnz5Y45eiGxpHGSc
Icky Thump,The White Stripes,Icky Thump,2007-06-15,spotify:track:2LMq1O0NiqGhPOlXo3McYQ
Jose & Mark,"The Unauthorized Bash Brothers Experience, The Lonely Island",The Unauthorized Bash Brothers Experience,2019-05-23,spotify:track:3e7HpTiU7ZMAr8Jih0nRPp
Neutrogena Spektor,Origami Angel,GAMI GANG,2021-04-30,spotify:track:3GcKWwmUxDteNfraOC8A8g
Enter Sandman (Remastered),Metallica,Metallica (Remastered),1991-08-12,spotify:track:3VqHuw0wFlIHcIPWkhIbdQ
Circus Music,The Hit Crew,Drew's Famous Presents Carnival Games Party Music,2016-01-01,spotify:track:3xkA8ENdlyrjmMWMGXQwGN
Crack A Bottle,"Eminem, Dr. Dre, 50 Cent",Relapse: Refill,2009-05-15,spotify:track:4dK00wCxlqWEeN8BoM1BHT
Take a Walk,Passion Pit,Gossamer,2012-07-23,spotify:track:4Sfa7hdVkqlM8UW5LsSY3F
Narco,"Blasterjaxx, Timmy Trumpet",Narco,2017-11-13,spotify:track:4TuNI3WEMyLQAKRMJmcQdA
...To Be Loved,Papa Roach,The Paramour Sessions,2006-01-01,spotify:track:4yUUVfwvxtMecOQ2fI7a7j
Ante Up (Robbin Hoodz Theory),M.O.P.,Warriorz,2000-08-29,spotify:track:550JPXXPgjr1xqxtKIaX6b
Hero,Weezer,Van Weezer,2021-05-07,spotify:track:5AprQMAX0PtpG923NUgZN6
Busy Earnin',Jungle,Jungle,2014-07-15,spotify:track:5TloYFwzd09yWy8xkRLVUu
"So Fresh, So Clean",Outkast,Stankonia,2000-10-31,spotify:track:6glsMWIMIxQ4BedzLqGVi4
Jump Around,House Of Pain,House of Pain (Fine Malt Lyrics),1992-07-21,spotify:track:6JymsaWDHk2Yj4e0yNBIFH
Godzilla,Blue Öyster Cult,Spectres,1977,spotify:track:6N0AnkdDFZUetw8KAGHV7e
Remember the Name (feat. Styles of Beyond),"Fort Minor, Styles Of Beyond",The Rising Tied,2005-11-21,spotify:track:6ndmKwWqMozN2tcZqzCX4K
Snookered,Dan Deacon,Bromst,2009-03-24,spotify:track:6rqxDx2AyWQYgT3zuAPQVU
Gay Bar,Electric Six,Fire,2003-05-19,spotify:track:7G5xEOORkAAUhx6wjTRb26
Allumer le feu,Johnny Hallyday,Légende - Best Of 40 titres,2022-11-25,spotify:track:7lCtCMAFCpjbC5VKVxfr1b
Metalingus (Edge's WWE Theme),"It Lives, It Breathes",Metalingus (Edge's WWE Theme),2018-04-02,spotify:track:7oMA3qs18aC69Cr4k6EAyn
Legend Has It,"Run The Jewels, El-P, Killer Mike",Run The Jewels 3,2016-12-25,spotify:track:7satW8tFLasyZbftvrWFBP
